id,time,JNAOH_FI1000A_PV,JNAOH_TI_B1000YF1_1_PV,JNAOH_TI_B1000YF1_2_PV,JNAOH_TI_B1000YF2_R_PV,JNAOH_TI_B1000YF2_S_PV,JNAOH_TI_B1000YF2_T_PV,JNAOH_TI1000D_PV,JNAOH_VI1000YF2_PV,JNAOH_VI1000YF3_PV
,#{時間},#{WC往IEM2冷卻水流量},#{B1000YF BEARING TEMP.FRONT},#{B1000YF BEARING TEMP.BACK},#{B1000YF MOTOR WINDING R PHASE},#{B1000YF MOTOR WINDING S PHASE},#{B1000YF MOTOR WINDING T PHASE},#{WCR TEMP. TO B1000YC~YF},#{B1000YF2冷卻水塔馬達震動},#{B1000YF3冷卻水塔馬達震動}
1,2022-01-01 1:00:00,1269.096309,38.80793685,41.69474904,63.9363495,69.60522601,69.11544331,32.72809031,0.5707990153,0.6233922704
2,2022-01-01 2:00:00,1261.704406,38.47214058,41.11910486,63.27010185,68.93623481,68.48119452,32.48611473,0.577654967,0.6391142241
3,2022-01-01 3:00:00,1263.215004,37.91579555,40.69788136,62.89544387,68.53679754,68.03685381,32.27426259,0.5845149891,0.630938252
4,2022-01-01 4:00:00,1260.41348,38.54336489,40.75432428,62.78703404,68.37403364,68.18171772,32.14977085,0.591369687,0.4657203882
5,2022-01-01 5:00:00,1266.521427,38.49122825,40.88148465,62.8754571,68.44592921,68.28366401,32.1483022,0.5982282864,0.2719377714
6,2022-01-01 6:00:00,1263.763664,38.48079093,40.71639097,62.83766676,68.4177603,68.13245965,32.15047742,0.6050760996,0.3112023177
7,2022-01-01 7:00:00,1263.896219,38.93480466,41.12486378,63.11985587,68.5684563,68.47582564,32.11200048,0.6119561333,0.3450169175
8,2022-01-01 8:00:00,1264.727705,39.49337717,41.24691616,63.50828843,68.82257096,68.97446125,32.17032,0.6191186468,0.3562928254
9,2022-01-01 9:00:00,1263.649102,39.42627199,41.81252258,64.40747621,69.40914439,70.176694,31.98765155,0.6263286849,0.3675692804
10,2022-01-01 10:00:00,1266.963906,41.27626732,43.77555872,66.35257395,71.09985951,72.39638989,32.02214143,0.6335408716,0.378879322
11,2022-01-01 11:00:00,1265.949473,43.61771232,45.94664126,68.41392381,73.10705261,74.71552229,32.52943561,0.6407598385,0.3901617137
12,2022-01-01 12:00:00,1266.297441,44.56610782,47.88985091,70.10935152,75.02673643,75.82115181,33.17658235,0.6479699223,0.4023761078
13,2022-01-01 13:00:00,1271.18715,45.67222787,49.24148377,70.95811129,76.2303706,76.03113173,33.55384339,0.6551800632,0.4176940197
14,2022-01-01 14:00:00,1266.174789,47.1454625,50.27026694,71.74559243,77.24088992,77.04038305,33.69715203,0.6623977971,0.4332920863
15,2022-01-01 15:00:00,1273.235103,47.70222811,50.77049023,72.34017095,77.86586475,77.65129593,33.69263331,0.6678297056,0.4489108895
16,2022-01-01 16:00:00,1272.129314,48.35302388,51.01421181,72.73495075,78.22938732,78.24675091,33.61829445,0.6581524363,0.4645082469
17,2022-01-01 17:00:00,1264.849362,48.28568308,50.71935349,72.63243628,78.17723828,78.1309778,33.58165194,0.6450336434,0.4800866885
18,2022-01-01 18:00:00,1268.071343,47.88455584,50.01024098,72.1811974,77.71712736,77.55644218,33.43620046,0.6319112471,0.4956693123
19,2022-01-01 19:00:00,1266.318725,47.98824196,49.2725169,71.42291825,76.92220594,76.96576167,33.1395241,0.6187876628,0.5112943635
20,2022-01-01 20:00:00,1265.830813,46.9002553,48.01837066,70.40823676,75.75610971,75.680377,32.85964814,0.6056592212,0.522115745
21,2022-01-01 21:00:00,1288.384231,45.17027791,46.79460093,69.20407689,74.7998146,74.83382313,32.93656138,0.5925438711,0.5176388341
22,2022-01-01 22:00:00,1272.07228,42.71915626,44.93570963,67.56043125,73.20323061,72.88722641,33.13517773,0.5794204554,0.512018601
23,2022-01-01 23:00:00,1268.321212,41.09949262,43.63492899,65.9406643,71.63038923,71.22633412,33.09944138,0.567353506,0.5063790248
24,2022-01-02 0:00:00,1269.072981,40.84554233,42.78664935,65.02831936,70.70645105,70.31863932,32.96253894,0.5641910535,0.5007356598
25,2022-01-02 1:00:00,1267.428097,40.34900008,42.29355421,64.51620412,70.13972244,69.88642402,32.82121423,0.5630493522,0.4951372367
26,2022-01-02 2:00:00,1264.409937,41.52051083,42.59140528,64.62548541,70.14638113,70.29208478,32.64120177,0.561903197,0.4894623427
27,2022-01-02 3:00:00,1268.498669,41.91480287,42.72885124,64.8494417,70.28984408,70.6720286,32.42989284,0.5607515179,0.4838392345
28,2022-01-02 4:00:00,1267.806648,41.59905521,42.52539414,64.62166733,70.18455562,70.3663437,32.38521663,0.5596069381,0.4769749337
29,2022-01-02 5:00:00,1269.968234,41.66193127,42.45100853,64.55487168,70.09652968,70.3797806,32.35339128,0.5584571842,0.4662529126
30,2022-01-02 6:00:00,1263.276635,38.97822418,41.25999569,63.78538063,69.47851255,69.19566982,32.28874871,0.5573114492,0.4552802763
31,2022-01-02 7:00:00,1263.207969,39.58055966,41.04789735,63.09130566,68.66589402,68.6979955,31.94209754,0.5577496058,0.4443154879
32,2022-01-02 8:00:00,1261.758245,39.20840358,41.03913829,63.283858,68.69558859,68.81005424,31.83842651,0.5713585182,0.4333440948
33,2022-01-02 9:00:00,1268.65162,42.15378002,43.19411269,65.35261457,70.19704671,71.62798624,32.20150744,0.5879151285,0.4223721529
34,2022-01-02 10:00:00,1265.754058,43.84873257,45.31873366,67.77575643,72.39214799,74.22706265,32.65569965,0.6044682464,0.4113677633
35,2022-01-02 11:00:00,1271.477383,44.71800291,46.88181806,69.31548856,74.01752001,75.6788121,33.23470559,0.6210235052,0.4061485648
36,2022-01-02 12:00:00,1271.111656,46.50879828,48.51372046,70.60778944,75.47379668,76.66531841,33.76979631,0.637573493,0.4177278848
37,2022-01-02 13:00:00,1276.101741,47.89806147,49.61239912,71.17223261,76.50931442,76.84311094,34.01640527,0.6541312603,0.4304007623
38,2022-01-02 14:00:00,1272.680385,48.20437751,50.39378076,71.9274398,77.36427079,77.55057891,34.03083803,0.6706857881,0.4500542345
39,2022-01-02 15:00:00,1275.681357,49.26566071,50.73900512,72.46011497,77.84793028,78.12267935,34.29463874,0.6839349263,0.5029585119
40,2022-01-02 16:00:00,1276.238072,49.52481599,50.69769276,72.57939152,77.92967725,78.29337329,34.54063327,0.6712476481,0.5601012727
41,2022-01-02 17:00:00,1275.135109,48.75813768,50.08151666,72.12381156,77.62581877,77.88224897,34.63556467,0.6530391478,0.5871870196
42,2022-01-02 18:00:00,1276.561452,47.29199778,49.03112431,71.12586229,76.65594601,76.6890017,34.54256198,0.6348292592,0.572537193
43,2022-01-02 19:00:00,1275.580205,45.75490343,48.08084147,70.06097138,75.64063776,75.50406533,34.31755038,0.6166204018,0.5528580093
44,2022-01-02 20:00:00,1271.617994,45.15840019,46.99676545,69.06749024,74.65894277,74.65174791,33.94889642,0.5984095228,0.5328568447
45,2022-01-02 21:00:00,1274.119769,42.8771467,45.3706265,67.69465546,73.35600632,73.05651075,33.73560962,0.5801934259,0.5129837627
46,2022-01-02 22:00:00,1270.574438,41.29224992,44.08038294,66.27265396,71.94765341,71.42061062,33.51198164,0.5619770102,0.4931586039
47,2022-01-02 23:00:00,1271.498759,40.52798357,43.10001234,65.2938617,70.95510454,70.42076843,33.41555705,0.5456926289,0.4731563505
48,2022-01-03 0:00:00,1273.0858,41.10292576,42.82271243,64.84513507,70.46014546,70.33869733,33.15925872,0.544460794,0.4533992816
49,2022-01-03 1:00:00,1267.903244,40.427359,42.24293554,64.42375076,70.06851374,69.7461291,32.83990886,0.5464486349,0.4334938592
50,2022-01-03 2:00:00,1268.007985,40.71698606,42.26314733,64.31529902,69.93858965,69.80122202,32.55115799,0.5484174847,0.41503092
51,2022-01-03 3:00:00,1269.169631,40.2297502,41.99461528,64.2783317,69.8768583,69.81590038,32.50696722,0.5504002799,0.3982078097
52,2022-01-03 4:00:00,1269.293289,38.54363969,41.18418384,63.59826021,69.27989648,68.80406196,32.45755577,0.5523831812,0.3814369964
53,2022-01-03 5:00:00,1264.274783,38.0422148,40.59893619,62.93633597,68.61172162,68.11978388,32.20041923,0.554358032,0.3645990257
54,2022-01-03 6:00:00,1267.659309,38.10350002,40.46233611,62.70897573,68.35163041,67.84681257,31.96877283,0.5563443749,0.3478176582
55,2022-01-03 7:00:00,1265.97865,39.64576069,40.88108558,62.96254128,68.40182861,68.30254948,31.78734056,0.5586940551,0.3309838447
56,2022-01-03 8:00:00,1266.202633,40.91552557,41.62195612,63.85754136,69.22531798,69.73190278,31.7619879,0.5639405579,0.3141096357
57,2022-01-03 9:00:00,1265.760955,41.83471245,43.0054368,65.72580737,70.49711501,72.04948497,31.75715422,0.5698128508,0.2973413754
58,2022-01-03 10:00:00,1269.478884,42.48333262,44.41598846,67.05244019,71.73287516,73.33320269,31.81631598,0.5756887378,0.2994364758
59,2022-01-03 11:00:00,1272.323498,44.94403298,46.54732192,68.93771756,73.60976689,75.42882559,32.51750283,0.5815652201,0.322607142
60,2022-01-03 12:00:00,1271.339759,45.27171521,47.89573106,70.10392388,74.96661618,76.03067381,33.5767326,0.5874246634,0.345781181
61,2022-01-03 13:00:00,1273.972221,46.23993573,48.99762139,70.67512571,76.00568406,76.10345931,34.12457982,0.5933012213,0.3689478808
62,2022-01-03 14:00:00,1277.546745,47.612655,50.14580734,71.60378528,77.04382975,77.08671324,34.21790317,0.5991813942,0.3921692908
63,2022-01-03 15:00:00,1280.991888,48.40092704,50.91702983,72.43582443,77.88208807,77.83332906,34.11065638,0.6042263624,0.4153119524
64,2022-01-03 16:00:00,1279.974527,48.4734941,51.22314183,72.94820244,78.45109207,78.30896963,33.91458882,0.6032249978,0.4385240225
65,2022-01-03 17:00:00,1273.924828,48.09094317,51.02512487,72.81026795,78.37561119,78.15551201,33.84132696,0.6009636111,0.4616968812
66,2022-01-03 18:00:00,1277.745853,47.69011008,50.27030201,72.1710561,77.7361248,77.4733796,33.74529609,0.5987117355,0.4631583252
67,2022-01-03 19:00:00,1272.184405,47.44209239,49.39179161,71.41568581,76.95734472,76.85177984,33.51235897,0.5964610933,0.4416182802
68,2022-01-03 20:00:00,1278.588572,46.82702588,48.40760024,70.65466306,76.04641037,75.95906105,33.27428679,0.5941975186,0.4200784302
69,2022-01-03 21:00:00,1275.616149,46.02996594,47.73274752,69.88192253,75.47824457,75.58765931,33.28593136,0.591951676,0.3985139676
70,2022-01-03 22:00:00,1275.776897,44.8173821,46.47072444,68.86232469,74.4569185,74.44467324,33.26571112,0.5896960421,0.3770509156
71,2022-01-03 23:00:00,1274.01363,44.88480288,46.06068157,68.27767224,73.82979154,74.03699942,33.22457846,0.5873227109,0.3554777664
72,2022-01-04 0:00:00,1276.731626,42.83703627,44.63701532,67.14663168,72.8023568,72.67470111,33.26635815,0.5841150426,0.3339550052
73,2022-01-04 1:00:00,1272.948668,42.98658193,44.1727367,66.38947543,71.98162154,72.03872383,33.13926027,0.5807474556,0.3124192903
74,2022-01-04 2:00:00,1273.378568,43.3596375,44.01534613,66.27923038,71.84573856,72.20509397,33.01441997,0.5773770747,0.304511582
75,2022-01-04 3:00:00,1273.570581,41.84007648,43.22829775,65.65406344,71.30719894,71.34902504,32.95299097,0.5740095604,0.3108162428
76,2022-01-04 4:00:00,1272.721518,39.69381231,42.08216017,64.57881545,70.26397494,69.92507305,32.89491796,0.5706388247,0.3171581161
77,2022-01-04 5:00:00,1276.184233,39.62765324,41.64433794,64.01056178,69.6713243,69.3721501,32.83719007,0.5672693403,0.3235282695
78,2022-01-04 6:00:00,1274.385841,39.11986469,41.46749731,63.80528779,69.43238939,69.05126049,32.78108563,0.5639013225,0.3298582694
79,2022-01-04 7:00:00,1271.598004,39.86592701,41.4562734,63.63692543,69.2433615,68.94691432,32.73171691,0.5610638193,0.3361472381
80,2022-01-04 8:00:00,1273.162117,39.97919769,41.58917588,63.74953642,69.39372452,69.28255793,32.68298631,0.5619503017,0.3425607492
81,2022-01-04 9:00:00,1270.114339,40.55499851,42.15192914,64.14926533,69.6302741,69.66600959,32.67487097,0.5635555337,0.3488489364
82,2022-01-04 10:00:00,1274.766846,43.21810032,44.21260772,66.02741127,71.06841059,71.66626951,32.85000971,0.5651606361,0.385802134
83,2022-01-04 11:00:00,1272.52976,45.90837354,47.40902214,68.65779785,73.43423869,74.37912189,33.13036332,0.5667653925,0.4545414366
84,2022-01-04 12:00:00,1276.826937,47.54112935,49.41313568,70.63235951,75.58106519,76.03580212,33.68427755,0.5683701157,0.5232632125
85,2022-01-04 13:00:00,1279.929823,48.88927574,50.63482419,71.96047803,77.13896383,77.28446794,34.23187475,0.5699735572,0.591999704
86,2022-01-04 14:00:00,1281.282268,50.16579074,51.39548248,72.89652612,78.23616614,78.81843915,34.54056458,0.5715767535,0.6606793259
87,2022-01-04 15:00:00,1280.565103,49.30862624,51.10983651,72.93026682,78.36297242,78.85671596,34.76284746,0.5746667989,0.7462627771
88,2022-01-04 16:00:00,1283.671634,48.94393296,51.08155234,72.75681682,78.22870406,78.488202,34.633644,0.5876522752,0.8510073185
89,2022-01-04 17:00:00,1277.432572,48.7552813,50.95005712,72.58092348,78.08753216,78.26008379,34.60416549,0.6024770427,0.6628131217
90,2022-01-04 18:00:00,1278.167734,48.12895896,50.20951313,71.98631372,77.5652142,77.65186992,34.82482315,0.6172910349,0.627003551
91,2022-01-04 19:00:00,1280.392908,46.75344539,49.23134003,71.02835626,76.70067585,76.43527037,34.85012211,0.6321139429,0.5969802979
92,2022-01-04 20:00:00,1279.324575,46.54671102,48.68212599,70.32832489,75.85848935,75.88411816,34.71743038,0.6469308564,0.5670090699
93,2022-01-04 21:00:00,1280.844324,46.56476372,47.95787102,69.71598758,75.12701323,75.21625496,34.50030717,0.6617528751,0.5367062304
94,2022-01-04 22:00:00,1275.795375,45.52809112,47.34447797,69.10360629,74.73092428,74.78414604,34.22310018,0.6765708609,0.5065049235
95,2022-01-04 23:00:00,1275.25377,44.35570098,46.59665006,68.48684636,74.13010005,73.90644582,34.17166352,0.6880464711,0.476509685
96,2022-01-05 0:00:00,1276.876605,44.49424695,46.13906552,68.03388716,73.61665264,73.62766522,34.26608909,0.6774138318,0.4464834408
97,2022-01-05 1:00:00,1277.781384,44.51449675,45.79591369,67.68399758,73.26578891,73.51423641,34.22710051,0.6627286761,0.4285989633
98,2022-01-05 2:00:00,1278.694211,42.51752703,45.06983687,67.12138503,72.78416039,72.67891197,34.20255329,0.64804974,0.4267663373
99,2022-01-05 3:00:00,1279.940754,43.29095725,45.09432064,66.76512178,72.36550291,72.35196495,34.11708984,0.6333658783,0.4251210253
100,2022-01-05 4:00:00,1280.412944,44.16020255,45.31396619,67.17906221,72.71933788,73.03871339,34.05409542,0.6186825443,0.4234239516
101,2022-01-05 5:00:00,1279.425112,43.84633747,45.33824916,67.30910127,72.76085409,72.84731256,33.84088623,0.6039951839,0.4216980553
102,2022-01-05 6:00:00,1278.651608,43.83913125,45.5975465,67.40947987,72.92067039,72.98153212,33.71794458,0.5893145191,0.4200443583
103,2022-01-05 7:00:00,1278.80614,43.90555271,45.27907614,67.3203893,72.60320104,72.358505,33.68202096,0.5750698653,0.4184131248
104,2022-01-05 8:00:00,1276.401054,44.64373718,46.11112345,67.66962124,73.1921083,73.13468322,33.71922069,0.5635931766,0.4165466318
105,2022-01-05 9:00:00,1275.532048,43.99658378,46.02929155,67.91352781,73.42055704,73.37868508,33.88600293,0.5526047762,0.4164303651
106,2022-01-05 10:00:00,1277.31821,43.76212961,46.44051351,68.14228814,73.65915692,73.5784201,34.05716434,0.5416191305,0.4181047276
107,2022-01-05 11:00:00,1276.458593,44.9697499,47.63773229,69.09545042,74.50847242,74.73161152,34.2300582,0.5306361199,0.4197219903
108,2022-01-05 12:00:00,1277.151414,47.26062377,49.53336927,70.97764582,76.21033222,76.64132685,34.42257671,0.5196523464,0.421493926
109,2022-01-05 13:00:00,1279.601791,49.06901495,51.27746885,72.66396754,77.95782122,78.31557749,34.58548023,0.5086686216,0.5071863005
110,2022-01-05 14:00:00,1282.736269,50.18428798,52.08852905,73.71400564,79.12752852,79.54137381,34.61924884,0.4976868084,0.7426534864
111,2022-01-05 15:00:00,1282.177197,49.5616698,52.06039659,73.81787099,79.30631125,79.4085222,34.68803811,0.4886380166,0.7217327747
112,2022-01-05 16:00:00,1279.022098,48.71338617,51.75219017,73.46790283,79.08520805,78.9374631,34.73184284,0.4918027366,0.7036790705
113,2022-01-05 17:00:00,1279.964566,49.19662588,51.38901852,73.11798938,78.68772811,78.65530099,34.65596881,0.4970889464,0.6060737719
114,2022-01-05 18:00:00,1277.788197,47.36921947,50.21570486,72.30134889,77.92294707,77.63748558,34.62701571,0.5023743443,0.5517389066
115,2022-01-05 19:00:00,1275.787847,45.63242403,48.83715253,70.99465014,76.64916551,76.25360157,34.69309677,0.5076586892,0.520491783
116,2022-01-05 20:00:00,1279.638467,44.69001222,47.72823394,69.73664492,75.39523923,75.03820617,34.6163374,0.5129439084,0.4900013556
117,2022-01-05 21:00:00,1275.883457,43.59951069,46.63019672,68.7075898,74.36291188,73.97076533,34.38047277,0.5182307878,0.4599446868
118,2022-01-05 22:00:00,1292.036646,44.0347337,46.43533697,68.20802624,73.77668112,73.67386277,34.24700528,0.5235161581,0.429515773
119,2022-01-05 23:00:00,1279.18571,43.02657822,45.91961032,67.93300895,73.55383239,73.24881547,34.23547461,0.5305036235,0.3994734769
120,2022-01-06 0:00:00,1276.374462,43.21186488,45.89949847,67.698368,73.31978761,73.03914489,34.21840585,0.5476305118,0.3690089022
121,2022-01-06 1:00:00,1277.851786,43.72964974,46.2832433,68.02594034,73.60272817,73.5252033,34.10717125,0.566431035,0.3389863882
122,2022-01-06 2:00:00,1275.120653,43.89062942,46.1808821,68.09191029,73.6429313,73.66635155,33.95163654,0.5852369562,0.3085690211
123,2022-01-06 3:00:00,1274.734369,44.07548677,46.19955379,68.11563989,73.63208607,73.74489782,33.87290139,0.6040352364,0.2869081226
124,2022-01-06 4:00:00,1276.954825,44.16790583,46.1348988,68.05996414,73.62102961,73.6890406,33.79051654,0.6228406764,0.307341326
125,2022-01-06 5:00:00,1277.899142,42.63526235,45.40608477,67.52381128,73.2023288,72.89596527,33.64765949,0.6416446495,0.3336377039
126,2022-01-06 6:00:00,1268.889011,43.25887581,45.44428911,67.34398566,72.93695301,72.90814367,33.39461935,0.6604505888,0.3599190847
127,2022-01-06 7:00:00,1273.250604,42.35396533,44.78856903,66.96270114,72.60992338,72.32076063,33.39073084,0.6748856899,0.3862076769
128,2022-01-06 8:00:00,1272.816764,41.79706989,44.41726559,66.49854904,72.11663133,71.84390274,33.34021138,0.6648653532,0.4125039672
129,2022-01-06 9:00:00,1275.006286,41.96966127,44.6659495,66.69042759,72.00635648,72.30098207,33.41937762,0.6510459612,0.4387173019
130,2022-01-06 10:00:00,1273.582164,43.63810057,45.85793107,67.69188786,72.87086507,73.33975536,33.6384119,0.6372279332,0.4650545633
131,2022-01-06 11:00:00,1274.509973,45.9808855,47.71352413,69.14738306,74.41686605,74.97994784,33.99273218,0.6234099051,0.5030459507
132,2022-01-06 12:00:00,1279.803789,46.43307779,48.48281126,70.24462674,75.58150889,75.95229509,34.45052486,0.6095915158,0.6053424424
133,2022-01-06 13:00:00,1282.736431,48.0226072,49.79457817,71.47021051,76.72500343,77.26688411,34.77903645,0.5957750289,0.8547407076
134,2022-01-06 14:00:00,1281.169836,50.06111108,51.18804703,72.784118,78.1115117,78.73110155,34.91228417,0.5819576484,0.8802140712
135,2022-01-06 15:00:00,1282.77419,48.68297476,50.81414477,72.88010469,78.36014431,78.62133994,34.72458881,0.5711018045,0.7158822068
136,2022-01-06 16:00:00,1277.528138,45.91909325,49.1694279,71.56076987,77.17271735,76.92548994,34.36160019,0.5768573956,0.4996611933
137,2022-01-06 17:00:00,1277.506915,44.50251503,47.55534893,69.84119871,75.50120008,75.11054339,33.90149316,0.5851878863,0.4984270071
138,2022-01-06 18:00:00,1274.206534,44.12206668,46.79169038,68.85642094,74.49847657,74.21437038,33.52879222,0.5935215648,0.4860454986
139,2022-01-06 19:00:00,1273.615259,42.75916027,45.90478845,67.99744668,73.66711916,73.27028485,33.331893,0.6018558036,0.4622017401
140,2022-01-06 20:00:00,1273.416055,42.23932666,45.29661157,67.33273516,72.96398341,72.57547853,33.19027391,0.6101839186,0.438181317
141,2022-01-06 21:00:00,1274.032526,41.89281951,44.82241469,66.90065481,72.51954259,72.11857789,33.14878894,0.6185160034,0.4141979389
142,2022-01-06 22:00:00,1272.435258,41.5489956,44.37813914,66.4688397,72.08176963,71.71837251,33.0170315,0.6268517074,0.3902089625
143,2022-01-06 23:00:00,1272.898958,41.27663133,44.02258679,66.0486732,71.64405374,71.38209,32.95992813,0.6324187106,0.3663450764
144,2022-01-07 0:00:00,1273.619197,42.108279,44.0207093,65.89752611,71.44447549,71.47236656,32.92844019,0.623119188,0.3423935109
145,2022-01-07 1:00:00,1270.487513,41.3378965,43.72670055,65.73928647,71.3677647,71.22670417,32.88617285,0.6116025798,0.3207055905
146,2022-01-07 2:00:00,1275.360867,40.31164698,43.15871967,65.31313173,70.97009966,70.5320792,32.78231464,0.6000882493,0.3173708308
147,2022-01-07 3:00:00,1271.358137,39.89832513,42.71238534,64.87698327,70.56134788,70.02474751,32.60932526,0.5885829817,0.3183107394
148,2022-01-07 4:00:00,1268.646225,39.09715509,42.32677895,64.44058112,70.15223429,69.56584074,32.27678137,0.5770633921,0.3193917995
149,2022-01-07 5:00:00,1269.48019,40.51883948,42.52387064,64.39382681,70.0055666,69.80522625,32.14796957,0.5655505883,0.3271267556
150,2022-01-07 6:00:00,1271.879957,40.96893639,42.80830676,64.79632195,70.40289869,70.33786389,32.24017122,0.5540384834,0.3389246306
151,2022-01-07 7:00:00,1268.375491,41.49950269,42.72161149,64.82440306,70.32111873,70.22066759,32.27532762,0.5464096821,0.3507330534
152,2022-01-07 8:00:00,1274.38399,40.75865642,42.61397551,64.78785354,70.29160023,70.32060795,32.36934392,0.5587026973,0.3626115143
153,2022-01-07 9:00:00,1275.355256,40.42227068,42.59519834,64.75832461,70.31707534,70.18754233,32.37001667,0.5738069966,0.3744779568
154,2022-01-07 10:00:00,1276.90473,40.0096944,42.78728611,64.87162733,70.40848717,70.24449558,32.26312348,0.5889113916,0.386287035
155,2022-01-07 11:00:00,1274.497461,41.7910662,44.4534182,66.35360601,71.49198312,72.19392571,32.46325925,0.6040133258,0.3981291572
156,2022-01-07 12:00:00,1273.49285,43.69426583,46.61233605,68.41134583,73.52651868,74.27122944,33.01492801,0.6191179839,0.4104960262
157,2022-01-07 13:00:00,1276.31706,45.62630316,48.39161608,69.8943368,75.27606043,75.3808905,33.443421,0.6342168773,0.4575498294
158,2022-01-07 14:00:00,1279.465475,45.90401257,48.84916328,70.48719811,75.91213485,75.9086611,33.64671311,0.6493204867,0.5151762965
159,2022-01-07 15:00:00,1276.601193,45.84393951,49.02959445,70.682208,76.20759648,76.08572062,33.78532281,0.6620587279,0.5701055762
160,2022-01-07 16:00:00,1278.369442,46.07297375,48.92374979,70.65202545,76.12045993,76.05529762,33.9571769,0.66326818,0.5810444048
161,2022-01-07 17:00:00,1279.025431,44.82190954,48.11066239,70.11076138,75.66289041,75.32623756,33.94910975,0.6629470712,0.5477834371
162,2022-01-07 18:00:00,1277.319174,43.99967487,47.02047527,69.07736593,74.6744632,74.18149738,33.69362486,0.6626272192,0.5145237706
163,2022-01-07 19:00:00,1274.482491,43.80909324,46.25691602,68.09416461,73.71722521,73.53513334,33.38557773,0.6622995703,0.4812783371
164,2022-01-07 20:00:00,1276.919657,42.48985066,45.29762197,67.32308307,72.94912332,72.67210373,33.10598815,0.6619744266,0.4480124354
165,2022-01-07 21:00:00,1272.202395,41.47299789,44.55366192,66.61413429,72.20851406,71.70254546,32.74963751,0.6616562779,0.4147319154
166,2022-01-07 22:00:00,1274.304627,40.90951846,44.01277522,65.93165427,71.53812654,71.04484181,32.35856698,0.6613334787,0.3815123991
167,2022-01-07 23:00:00,1273.589528,41.05563251,43.69397405,65.4345466,71.08922622,70.67992757,32.1802528,0.6610223486,0.3482665105
168,2022-01-08 0:00:00,1273.401954,40.29042334,43.1953783,64.99500482,70.65732393,70.31094278,32.04168346,0.6607808408,0.3175693861
169,2022-01-08 1:00:00,1273.741572,40.92293148,42.97651394,64.82228571,70.34497584,70.18588665,31.85524514,0.6605406664,0.2893667109
170,2022-01-08 2:00:00,1272.958503,40.62306755,42.83718067,64.79626826,70.36924206,70.27768294,31.75515124,0.6603026748,0.2611857526
171,2022-01-08 3:00:00,1271.66488,40.50944796,42.48406016,64.49555762,70.06053564,69.92800618,31.64866944,0.6600757459,0.2330437191
172,2022-01-08 4:00:00,1272.79572,40.20645047,42.03140384,64.33751096,69.87401174,69.81364907,31.59559813,0.6598317621,0.2048552451
173,2022-01-08 5:00:00,1270.847995,39.68480775,41.65841829,63.79982128,69.45427021,69.1651211,31.59314752,0.6595986286,0.1767664803
174,2022-01-08 6:00:00,1275.294531,39.62376226,41.47167997,63.51604978,69.18510282,68.97443141,31.47212626,0.6593641337,0.1849970881
175,2022-01-08 7:00:00,1274.013622,38.65270925,41.19204601,63.30085009,68.98582621,68.66325901,31.48229815,0.6561218667,0.2237828375
176,2022-01-08 8:00:00,1273.097941,38.81981504,41.11510661,63.24572924,68.82270351,68.58499484,31.19326621,0.6390384229,0.2625562841
177,2022-01-08 9:00:00,1273.767251,39.4877304,41.5786198,63.70939013,69.15492489,69.26541431,31.11228056,0.6202259324,0.3012924598
178,2022-01-08 10:00:00,1272.110227,41.15753895,43.25966051,65.25613884,70.47727037,70.9905818,31.50099489,0.6014125038,0.3401195405
179,2022-01-08 11:00:00,1272.091286,43.01355832,45.13883391,67.09787747,72.16685573,73.1841533,32.09190637,0.5826026933,0.3788605714
180,2022-01-08 12:00:00,1273.986324,45.51797627,47.32615616,69.17736819,74.11524513,75.23483261,32.68311103,0.5637860358,0.4176240536
181,2022-01-08 13:00:00,1278.581018,46.91646719,48.71414369,70.31821289,75.54595526,75.97968626,33.23887318,0.5449738698,0.4453977823
182,2022-01-08 14:00:00,1276.95148,48.04770169,49.70921912,71.30933506,76.68193275,76.96616356,33.55069846,0.5261640331,0.4449215684
183,2022-01-08 15:00:00,1278.427602,49.31291695,50.3904773,72.09907613,77.47522605,77.88844132,33.81197597,0.5128255721,0.4429386407
184,2022-01-08 16:00:00,1279.63574,49.17807782,50.3001524,72.12291777,77.59919139,77.95381969,33.88193959,0.5239680624,0.4409630963
185,2022-01-08 17:00:00,1278.977096,49.08308925,50.03748485,71.97472491,77.36507755,77.66416012,33.7941834,0.5380661601,0.538528652
186,2022-01-08 18:00:00,1273.068999,48.34820781,49.32530363,71.36500638,76.71945387,77.0129793,33.71658346,0.5521576844,0.7097035063
187,2022-01-08 19:00:00,1274.818936,47.68654986,48.75425632,70.6513887,76.09309338,76.39978424,33.66565523,0.5662556366,0.6841893812
188,2022-01-08 20:00:00,1274.770306,45.86932481,47.77260824,69.84877753,75.41676384,75.54932081,33.59379419,0.5803506702,0.6587194275
189,2022-01-08 21:00:00,1275.285338,43.42268209,46.20708004,68.3944862,73.98676214,73.6014163,33.32895424,0.5944502691,0.633178824
190,2022-01-08 22:00:00,1276.415319,43.29653649,45.34394315,67.16567696,72.78702755,72.626926,32.86309713,0.6085437538,0.6076899141
191,2022-01-08 23:00:00,1273.161406,42.34960883,44.67067582,66.48978347,72.17580572,71.93968696,32.60701645,0.6208747405,0.5810977596
192,2022-01-09 0:00:00,1270.241698,41.33901827,44.00123635,65.83738251,71.56842867,71.20904533,32.48013342,0.6255534696,0.5477280226
193,2022-01-09 1:00:00,1272.292793,40.61617443,43.32628438,65.2778201,70.96164378,70.55280459,32.33099608,0.6293427422,0.5131419499
194,2022-01-09 2:00:00,1269.729311,40.24820171,42.84037067,64.8702474,70.49815258,70.10258442,32.15970738,0.6331257157,0.4785569886
195,2022-01-09 3:00:00,1272.63216,40.29623856,42.87981611,64.73424971,70.39259331,70.06408341,31.99593839,0.6369163725,0.4439631941
196,2022-01-09 4:00:00,1271.224491,40.70121128,42.81773728,64.81144507,70.42262879,70.30456584,31.94390016,0.6407055088,0.4093856635
197,2022-01-09 5:00:00,1272.312806,39.89032398,42.53113058,64.58661007,70.24299454,69.87227379,31.89775337,0.6444912575,0.3747834834
198,2022-01-09 6:00:00,1272.855416,39.78294182,42.03265634,64.19566553,69.83989126,69.33681029,31.85155423,0.648278489,0.3401916796
199,2022-01-09 7:00:00,1271.376084,38.88068927,41.59525502,63.77363063,69.3876298,68.94265825,31.80532681,0.6491660633,0.3145637054
200,2022-01-09 8:00:00,1270.531402,39.02943076,41.50064714,63.69801815,69.21318663,68.92447434,31.75190419,0.6374323588,0.3452760574
201,2022-01-09 9:00:00,1272.865461,40.30197616,42.3225714,64.86477597,69.910043,70.54372631,31.86437652,0.6242387345,0.3858583815
202,2022-01-09 10:00:00,1272.874548,42.95111955,44.51131598,66.82487731,71.52935868,73.01136268,32.10899334,0.6110529859,0.4264199659
203,2022-01-09 11:00:00,1278.496751,45.39953935,46.81650304,69.13527412,73.82360008,75.58142738,32.60550249,0.5978478703,0.4669674247
204,2022-01-09 12:00:00,1274.649483,46.96747973,48.70375728,70.8395747,75.73901033,77.09459948,33.15333108,0.5846503588,0.5069486102
205,2022-01-09 13:00:00,1282.040423,47.42648593,49.1666353,71.26871881,76.55441272,76.98564941,33.65382695,0.5714617867,0.5333207971
206,2022-01-09 14:00:00,1278.958774,47.76510836,49.48461622,71.36080822,76.81245913,77.03836017,33.94970648,0.5582700087,0.5539509876
207,2022-01-09 15:00:00,1275.967601,47.65494901,49.75166124,71.60256124,76.99515553,77.2103146,34.10920286,0.5502309294,0.5745365979
208,2022-01-09 16:00:00,1276.965633,46.747975,49.61548796,71.4372606,76.94469108,76.95928258,34.27374621,0.5643624953,0.592946945
209,2022-01-09 17:00:00,1275.330268,46.16855582,49.26363213,71.05147632,76.58785356,76.37737238,34.30844312,0.5810361167,0.5793655616
210,2022-01-09 18:00:00,1275.680965,45.01483385,48.10701865,70.06230957,75.66137572,75.32951082,34.07934804,0.5977047207,0.5554210154
211,2022-01-09 19:00:00,1273.358542,43.38381305,46.59913117,68.65311435,74.26963666,73.79175392,33.67291673,0.6143765751,0.5312628175
212,2022-01-09 20:00:00,1273.724804,41.98173951,45.24177121,67.24518001,72.87777725,72.33817783,33.25831195,0.631052253,0.507178318
213,2022-01-09 21:00:00,1272.972544,41.13159088,44.16547075,66.13789976,71.75177953,71.25633832,32.83105178,0.6477193354,0.4831987992
214,2022-01-09 22:00:00,1275.796395,41.25347366,43.62249624,65.38366213,70.9703377,70.68989241,32.64038871,0.6643936014,0.4592055501
215,2022-01-09 23:00:00,1274.562241,40.69631307,43.06633992,64.96448979,70.5174239,70.28800275,32.4761887,0.6766121265,0.4352208032
216,2022-01-10 0:00:00,1270.37787,39.53512027,42.26546729,64.36036451,70.00140828,69.47728454,32.28500816,0.6729199876,0.4116459322
217,2022-01-10 1:00:00,1272.240806,39.09007708,41.81277101,63.87823285,69.46601331,69.00071026,32.19896253,0.667812119,0.3942147232
218,2022-01-10 2:00:00,1267.284881,39.67851609,41.78041667,63.74102548,69.33686285,69.10666912,31.99597336,0.6627070183,0.3786576504
219,2022-01-10 3:00:00,1268.496856,38.72449402,41.26933217,63.48685228,69.14468638,68.74901954,31.7659248,0.6575993308,0.3631054261
220,2022-01-10 4:00:00,1271.438165,37.98829417,40.73729725,63.08514402,68.71691482,68.12703625,31.66891654,0.6524942929,0.3475662051
221,2022-01-10 5:00:00,1267.546178,37.74124966,40.46438314,62.68580784,68.30086378,67.7647823,31.68498355,0.6473863983,0.3320232702
222,2022-01-10 6:00:00,1271.624015,38.67110602,40.6637413,62.74981408,68.37132408,68.15821726,31.45057984,0.6422816732,0.3164898435
223,2022-01-10 7:00:00,1267.539929,37.75884951,40.25564746,62.53840526,68.16315441,67.71048459,31.4024449,0.6394044265,0.3009384789
224,2022-01-10 8:00:00,1272.225906,37.85007066,40.26649596,62.41612956,67.9373689,67.59606749,31.48535914,0.6440011016,0.2872834619
225,2022-01-10 9:00:00,1268.941975,39.55743255,41.76638894,63.70431389,68.80656193,69.44289168,31.65563776,0.6492136167,0.2988083219
226,2022-01-10 10:00:00,1271.181364,40.92241053,43.19404901,65.43989567,70.33368662,71.50634477,32.04915393,0.6544200787,0.3185379569
227,2022-01-10 11:00:00,1273.128835,44.00887038,45.7321495,67.84182133,72.55698837,74.08381209,32.56218,0.6596278185,0.3382567716
228,2022-01-10 12:00:00,1271.01933,44.75926456,47.31646093,69.46883661,74.38752594,75.48315083,33.18297877,0.6648384485,0.3579642664
229,2022-01-10 13:00:00,1266.47604,45.67785228,48.33182713,70.16907191,75.3992353,75.62753183,33.67041326,0.6700487217,0.3776681347
230,2022-01-10 14:00:00,1266.538518,46.85771241,49.1806196,70.86655649,76.29204182,76.44372962,33.91333295,0.675259033,0.3973665328
231,2022-01-10 15:00:00,1270.020209,47.62473104,49.73191189,71.4954928,76.90616162,77.08460073,34.0735511,0.6787436123,0.417085054
232,2022-01-10 16:00:00,1270.165221,47.51823427,49.75363125,71.69610441,77.19004464,77.35412785,34.21725129,0.6766910229,0.43417701
233,2022-01-10 17:00:00,1270.478695,46.09255542,48.91284453,71.09056364,76.65205364,76.60189227,34.28812013,0.6742193486,0.4181244934
234,2022-01-10 18:00:00,1277.861524,45.04485744,47.94205861,70.13276676,75.68981016,75.47930158,34.11792302,0.6717497894,0.3921051345
235,2022-01-10 19:00:00,1292.190155,43.80305977,46.79400141,69.00087197,74.59481018,74.22580702,33.80130923,0.6692815658,0.3660987099
236,2022-01-10 20:00:00,1269.878897,42.27360226,45.62286458,67.8689638,73.49964654,73.01013513,33.45912053,0.6668074744,0.3400783455
237,2022-01-10 21:00:00,1265.728168,41.40126472,44.80525485,66.89271231,72.54190994,71.9918656,33.29463613,0.6643398504,0.3140403182
238,2022-01-10 22:00:00,1268.212304,41.26101013,44.32392159,66.38548049,72.03214464,71.51043518,33.28459333,0.6618749088,0.2880300349
239,2022-01-10 23:00:00,1267.670197,41.05489725,44.1178966,66.16354886,71.7840619,71.34347361,32.98293785,0.6568141477,0.261984705
240,2022-01-11 0:00:00,1266.524683,41.37677244,43.88183253,65.96656658,71.58097004,71.29822661,32.81752102,0.6435478924,0.237748685
241,2022-01-11 1:00:00,1264.978215,40.97583204,43.53629207,65.72869232,71.35222759,71.12621892,32.8330374,0.6296733206,0.2351116457
242,2022-01-11 2:00:00,1265.646873,40.34549307,42.91672491,65.23137627,70.88420031,70.50609875,32.68387873,0.6158016612,0.2388348103
243,2022-01-11 3:00:00,1266.228481,39.56934169,42.42624698,64.68829421,70.35990796,69.84658162,32.57351332,0.6019256786,0.2425422343
244,2022-01-11 4:00:00,1264.530182,39.27327783,42.245929,64.3638385,70.00600261,69.41296641,32.59621963,0.5880555924,0.2463436438
245,2022-01-11 5:00:00,1265.622374,39.0422216,42.349023,64.39850769,70.04226534,69.36385616,32.58773594,0.574179949,0.2500659119
246,2022-01-11 6:00:00,1265.532704,38.87450675,42.16128329,64.26815604,69.90034404,69.20959255,32.51247718,0.5603041018,0.2538050998
247,2022-01-11 7:00:00,1259.622223,39.13236551,41.90257839,64.04187591,69.6501191,69.04056884,32.4125127,0.5495323519,0.2575399367
248,2022-01-11 8:00:00,1264.743661,39.03108647,41.91138011,63.95675115,69.57416473,69.08014641,32.31501679,0.5484070745,0.2623245876
249,2022-01-11 9:00:00,1267.790165,39.22259866,42.44836583,64.36484661,70.00086568,69.55981053,32.31400774,0.5479797745,0.2800590731
250,2022-01-11 10:00:00,1266.452477,40.31009513,43.06192271,64.98415585,70.48330622,70.20552516,32.36141086,0.5475499918,0.3015404534
251,2022-01-11 11:00:00,1260.29713,41.32478894,43.93807799,66.04863807,71.36684198,71.6920967,32.4095749,0.5471207993,0.3230424257
252,2022-01-11 12:00:00,1262.828216,41.83927078,44.62730327,66.96715571,72.05161606,72.65432698,32.49637899,0.5466937053,0.3445192554
253,2022-01-11 13:00:00,1263.73398,42.30079915,45.18290793,67.2485363,72.69568825,72.72230734,32.58515644,0.546267599,0.3660211284
254,2022-01-11 14:00:00,1265.041613,42.37356395,45.25269046,67.42474941,72.91452087,72.74955484,32.59646841,0.5458319214,0.3875132604
255,2022-01-11 15:00:00,1266.304147,42.32218973,45.24503349,67.26696602,72.867976,72.58779574,32.59189767,0.5480629054,0.4090569687
256,2022-01-11 16:00:00,1266.300048,41.76542517,44.93212145,66.99251756,72.57980074,72.17792501,32.48222224,0.5582147925,0.4212145208
257,2022-01-11 17:00:00,1268.114647,42.31410158,44.7983813,66.74078342,72.29889761,72.1250104,32.42111337,0.5688980815,0.4244043027
258,2022-01-11 18:00:00,1263.451509,41.6731102,44.55325817,66.56357161,72.17341926,71.97260614,32.56519442,0.5795834005,0.4275466104
259,2022-01-11 19:00:00,1262.412794,40.62667992,43.73414318,66.00688128,71.65271368,71.22356024,32.41066274,0.5902643104,0.4306550325
260,2022-01-11 20:00:00,1264.071045,39.62214521,42.51480584,65.07308561,70.7611545,70.3206276,32.16126883,0.6009510246,0.4338026774
261,2022-01-11 21:00:00,1262.359132,39.13450355,41.7021261,64.19014893,69.85473774,69.54456307,31.79363987,0.6116318472,0.4369612962
262,2022-01-11 22:00:00,1259.36057,38.80857815,41.17984207,63.72714747,69.41380097,69.06885867,31.40484058,0.6223167279,0.4401370749
263,2022-01-11 23:00:00,1260.601758,38.48827044,40.76726446,63.30636163,69.0097145,68.69753231,30.99884615,0.6283829363,0.4432477318
264,2022-01-12 0:00:00,1260.419737,37.99447207,40.37477159,62.93813158,68.61918094,68.2401789,30.66717102,0.6210538842,0.4208953934
265,2022-01-12 1:00:00,1258.500931,38.30109117,40.39549895,62.8350009,68.48754388,68.31891696,30.62327597,0.6128775496,0.375133335
266,2022-01-12 2:00:00,1258.191288,37.91451537,40.20086997,62.62762576,68.320058,67.92177145,30.69694721,0.6046971933,0.3293225639
267,2022-01-12 3:00:00,1257.201803,38.49540377,40.13370472,62.44935161,68.11028843,67.91505464,30.6114346,0.5965231703,0.2835299525
268,2022-01-12 4:00:00,1254.76305,37.86404341,40.07991551,62.50758773,68.16367866,67.96656753,30.59722641,0.5883415193,0.2515321331
269,2022-01-12 5:00:00,1256.854305,38.79672996,40.23420993,62.61283814,68.26273489,68.18300003,30.61995947,0.5801670065,0.2704327652
270,2022-01-12 6:00:00,1255.088661,38.43982687,40.08015107,62.60960956,68.15752547,68.25294606,30.49761885,0.5719848536,0.2940658024
271,2022-01-12 7:00:00,1254.695284,38.03753381,39.91889092,62.4027597,68.0060431,67.86064805,30.40765147,0.5689436419,0.317665688
272,2022-01-12 8:00:00,1258.767244,36.99918616,39.71829467,62.2437908,67.90685081,67.38693843,30.45273372,0.5807498796,0.3413137327
273,2022-01-12 9:00:00,1257.864211,37.01183867,39.88676271,62.14724478,67.81735964,67.37850437,30.42502627,0.5935015674,0.3649172541
274,2022-01-12 10:00:00,1254.37484,38.69601256,40.50736878,62.74055429,68.15395867,67.95690887,30.20864841,0.6062519797,0.3885181977
275,2022-01-12 11:00:00,1255.882976,40.0157423,41.7636561,64.02988836,69.37394539,69.66268113,30.18671524,0.6190122788,0.4121740227
276,2022-01-12 12:00:00,1257.659811,40.91327673,42.68585748,65.13470838,70.59983716,70.76093014,30.48475909,0.6317639925,0.4321132014
277,2022-01-12 13:00:00,1258.35231,41.68386079,43.68934919,66.16495518,71.62881362,71.80034762,30.98523538,0.6445126088,0.4391159943
278,2022-01-12 14:00:00,1261.075653,41.65097228,44.06848788,66.65849667,72.26632072,72.16914927,31.39611429,0.6572599655,0.4450204345
279,2022-01-12 15:00:00,1259.250327,41.62014164,44.106739,66.58916964,72.26000734,72.09106423,31.50573512,0.6627139377,0.4509218765
280,2022-01-12 16:00:00,1258.526551,41.88208591,44.40976868,66.7197545,72.3216474,72.20267977,31.53066638,0.6480107987,0.4568014944
281,2022-01-12 17:00:00,1258.232354,42.14663725,44.66915732,66.91606204,72.51497233,72.33214469,31.58425778,0.6321310619,0.4627102854
282,2022-01-12 18:00:00,1253.133986,42.02348662,44.5491096,66.90555959,72.53793912,72.3438097,31.59445193,0.6162558068,0.4686033601
283,2022-01-12 19:00:00,1250.623764,41.32375881,43.9703884,66.40963605,72.04740503,71.72870437,31.63928967,0.6003774839,0.4744984417
284,2022-01-12 20:00:00,1250.986909,40.58435533,43.14696192,65.61434442,71.33575977,70.91662032,31.58115458,0.584497284,0.4748850905
285,2022-01-12 21:00:00,1252.195539,40.70696377,42.5911411,65.00085776,70.67418895,70.60766289,31.45094114,0.5686240932,0.4565132124
286,2022-01-12 22:00:00,1251.674634,39.29642106,41.74039318,64.36440084,70.04551846,69.71369136,31.45770231,0.5527463863,0.436517385
287,2022-01-12 23:00:00,1250.164551,37.9908525,40.89008187,63.52307509,69.23746301,68.7662794,31.62811064,0.5457361074,0.4168227779
288,2022-01-13 0:00:00,1249.085087,37.74556206,40.47875456,62.93223658,68.62394714,68.1915295,31.6148902,0.5626237252,0.3968416845
289,2022-01-13 1:00:00,1253.857454,38.67282511,40.33801318,62.65614096,68.30835682,68.24223909,31.45267246,0.5808225709,0.3768217097
290,2022-01-13 2:00:00,1248.305175,38.20373989,39.88248409,62.34034663,67.96709661,67.94241041,31.13747342,0.5990221799,0.3568362886
291,2022-01-13 3:00:00,1246.21036,36.96229569,39.21010539,61.81515341,67.56482721,67.27847298,30.89654059,0.617225717,0.3368504662
292,2022-01-13 4:00:00,1249.644359,35.76605282,38.76040106,61.29026595,67.03948218,66.43721635,30.91433736,0.6354280205,0.322721991
293,2022-01-13 5:00:00,1249.88203,35.97391745,38.94573294,61.31935347,67.06684167,66.45738389,30.94476904,0.65363238,0.3274000046
294,2022-01-13 6:00:00,1246.333406,37.5561198,39.58919197,61.7182353,67.35314257,67.26194902,30.89714017,0.6718320688,0.3335405092
295,2022-01-13 7:00:00,1248.324802,37.32269665,39.89438211,62.27404236,67.91667464,67.6300978,30.91850041,0.6817629683,0.3396283892
296,2022-01-13 8:00:00,1249.305929,38.06182741,40.40702085,62.65093387,68.32640064,67.9568505,30.95286136,0.6694636185,0.3457623592
297,2022-01-13 9:00:00,1253.135129,38.7353396,41.27072899,63.46063687,69.10176925,68.80190875,31.10166593,0.6559399398,0.3518921017
298,2022-01-13 10:00:00,1252.157516,39.07789607,42.16559826,64.61576883,70.01906065,70.12772761,31.33999101,0.6424116961,0.3579442508
299,2022-01-13 11:00:00,1253.743561,41.64889384,44.32637957,67.06538531,71.90688352,73.26666358,31.60679014,0.6288847496,0.3640913719
300,2022-01-13 12:00:00,1259.209566,43.0613923,45.97512402,68.71648207,73.67878959,74.58498938,31.88275122,0.6153589897,0.3691962467
301,2022-01-13 13:00:00,1255.340162,44.01328632,47.16125679,69.33318926,74.7690377,74.58212911,32.1869677,0.6018307458,0.3711468192
302,2022-01-13 14:00:00,1253.134285,45.39694587,48.45721151,70.25381914,75.79564583,75.60875144,32.49381397,0.5883099007,0.3727865774
303,2022-01-13 15:00:00,1254.664702,45.68688573,48.89273492,70.94297659,76.48997937,76.2547137,32.81068198,0.5777861507,0.3745368905
304,2022-01-13 16:00:00,1256.200685,43.99129535,47.48477213,69.98754823,75.69153403,75.36445998,33.22932009,0.5752610568,0.3762101507
305,2022-01-13 17:00:00,1255.417088,42.35165105,45.99015466,68.51330317,74.23187065,73.77661739,33.23237248,0.5731590556,0.3778261405
306,2022-01-13 18:00:00,1259.047135,40.72115859,44.55843517,67.03933132,72.76729925,72.1407673,33.05777613,0.5710597281,0.3795621051
307,2022-01-13 19:00:00,1256.497532,39.92434915,43.16389939,65.60346168,71.33244854,70.77018959,32.58750004,0.5689565175,0.3812734745
308,2022-01-13 20:00:00,1254.393705,39.22728138,42.13507266,64.62006223,70.32447586,69.81804788,32.0039235,0.5668506537,0.3750731718
309,2022-01-13 21:00:00,1256.041405,38.74320279,41.32756778,63.77284596,69.45651965,69.08016075,31.47723412,0.5647582675,0.3435163836
310,2022-01-13 22:00:00,1253.402385,37.4835686,40.28606493,62.93442977,68.5921827,68.09015528,31.15500925,0.5626540209,0.3100502025
311,2022-01-13 23:00:00,1254.022932,37.06372411,39.40607905,62.09605288,67.72894511,67.32104383,30.88143679,0.5588038873,0.276521383
312,2022-01-14 0:00:00,1253.905196,36.39963107,38.856692,61.37191607,67.01287753,66.69025205,30.69773134,0.5503875135,0.2430250008
313,2022-01-14 1:00:00,1252.921996,35.53698152,38.26084408,60.73967508,66.40894919,65.93086962,30.49308798,0.5417328642,0.209505552
314,2022-01-14 2:00:00,1253.385235,34.9096106,37.66037851,60.10711174,65.83471265,65.25428759,30.17122614,0.5330809788,0.1760424621
315,2022-01-14 3:00:00,1251.92009,34.34064064,37.25314489,59.6574916,65.35343619,64.8446339,29.9424842,0.5244283166,0.1425461474
316,2022-01-14 4:00:00,1249.7879,34.89208846,37.22751869,59.49628602,65.18362145,64.79412641,29.73418638,0.5157723336,0.1207287804
317,2022-01-14 5:00:00,1253.784925,34.31800135,36.91477336,59.42916087,65.11053282,64.59648952,29.77822604,0.50712021,0.1364566001
318,2022-01-14 6:00:00,1249.595942,33.52975733,36.45670671,58.99222907,64.67480013,64.08698221,29.66600411,0.4984676886,0.1549558617
319,2022-01-14 7:00:00,1253.1244,33.21242363,36.20328952,58.56959954,64.24643371,63.67653721,29.47175922,0.4954524875,0.1735208016
320,2022-01-14 8:00:00,1251.27939,34.15421672,36.66916671,58.905746,64.47491188,64.27555792,29.43123648,0.507039765,0.1920920914
321,2022-01-14 9:00:00,1251.858006,35.11173658,37.68335379,60.30446222,65.36017603,65.98946246,29.39152253,0.5193682522,0.2106399847
322,2022-01-14 10:00:00,1256.382256,37.76404615,39.80718598,62.4110031,67.23558522,68.44665061,29.67287555,0.531699953,0.2291771939
323,2022-01-14 11:00:00,1252.503462,41.95429506,42.8519337,65.24858915,69.93598857,71.66553523,30.49511282,0.5440369945,0.2477642885
324,2022-01-14 12:00:00,1260.035193,44.82710788,45.54737493,68.06811866,72.85134914,74.39520476,31.6160895,0.556360217,0.2752848459
325,2022-01-14 13:00:00,1257.789427,45.81764391,46.76803257,69.14864115,74.47113111,75.00291776,32.3428783,0.5686945032,0.3307388603
326,2022-01-14 14:00:00,1212.711774,45.50719291,46.88764573,69.28515273,74.74530537,75.10114607,32.74641353,0.5810244911,0.3883324526
327,2022-01-14 15:00:00,1124.878586,44.60775391,46.83197662,69.12624977,74.64307386,74.66008187,32.82836286,0.5886797967,0.4457715692
328,2022-01-14 16:00:00,1120.651868,45.82130888,47.18581537,69.18054532,74.64800052,74.81231573,32.77931246,0.5845022883,0.50325866
329,2022-01-14 17:00:00,1118.655152,46.09491827,47.10832864,69.25287531,74.66999706,74.94366667,32.73398993,0.5797358003,0.5265759507
330,2022-01-14 18:00:00,1146.823329,45.9721359,47.01368136,69.07760279,74.56165606,74.88663321,32.70816117,0.5749701027,0.5213905388
331,2022-01-14 19:00:00,1227.766578,45.55753836,46.49280039,68.76760438,74.27820411,74.61450697,32.65477465,0.5702082822,0.5162831185
332,2022-01-14 20:00:00,1223.067828,44.11658879,45.63104139,68.09643485,73.68590022,73.92916315,32.5223174,0.5654441401,0.5111146838
333,2022-01-14 21:00:00,1226.331783,42.46501726,44.43898708,66.99554647,72.64469426,72.7314603,32.18191094,0.5606801212,0.5059095702
334,2022-01-14 22:00:00,1224.228995,41.33461817,43.4827086,65.9549979,71.61152282,71.55221243,31.89044636,0.5559210803,0.5007583847
335,2022-01-14 23:00:00,1218.671308,41.22100135,43.06582151,65.48245284,71.09372639,70.92681529,31.80780328,0.5535242084,0.4955875567
336,2022-01-15 0:00:00,1220.611628,40.84906476,42.659914,65.09214384,70.67686867,70.60267218,31.73701723,0.5570127194,0.4904032263