id,time,MEVA_1BEI_303A_PV,MEVA_1PI_0603_PV,MEVA_1PI_0604_PV,MEVA_1PI_0605_PV,MEVA_1PI_0661_PV,MEVA_1PIC_0601_PV,MEVA_1TI_0601_PV,MEVA_1TI_0603A_PV,MEVA_1TI_0605_PV,MEVA_1TI_0608A_PV,MEVA_1TI_0609_2_PV,MEVA_1TI_0610_2_PV,MEVA_1TI_B303I_PV,MEVA_1TI_B303J_PV
#{},#{時間},#{1B-303 電流指示},#{1B-303 第一段出口壓力},#{1B-303V3入口壓力指示},#{1B-303 第二段出口壓力},#{1B-303廢氣排放壓力},#{1B-303 入口壓力控制},#{1B-303 入口 溫度指示},#{1B-303 第一段出口溫度},#{1B-303 出口 溫度指示},#{1B-303 第二段出口溫度},#{1B-303 N1溫度},#{1B-303 N2溫度},#{1B-303 馬達溫度},#{1B-303 馬達溫度 }
1,2022-01-01 1:00:00,573.3515539,2.59491326,2.571158796,12.98585915,41.7774123,0.09688906936,30.05873414,104.629265,70.28034859,120.319737,52.41384743,50.75646179,42.77541403,35.84309176
2,2022-01-01 2:00:00,574.0105994,2.596057695,2.590053533,12.96416415,44.10863627,0.09743136504,30.00900364,104.5995277,70.22526084,120.4591113,52.3335276,50.74678532,42.64464539,35.72264525
3,2022-01-01 3:00:00,570.0122096,2.593279975,2.60899851,12.94306015,47.72569161,0.09554225755,29.9589884,104.5848946,70.17002413,120.5925669,52.27770653,50.71713214,42.56716782,35.71980405
4,2022-01-01 4:00:00,570.0005927,2.59110936,2.627903391,12.92040663,44.14080459,0.09648726381,29.91013351,104.5970278,70.11527434,120.7278416,52.26688548,50.65294709,42.48965063,35.72016398
5,2022-01-01 5:00:00,570.0037107,2.595179856,2.646851165,12.83090769,39.65569751,0.09751239535,29.94552661,104.6092807,70.06023649,120.8057344,52.25665763,50.58768151,42.41224581,35.72018787
6,2022-01-01 6:00:00,570.0003147,2.597117331,2.665735743,12.70214231,38.51806902,0.0940618905,30.03567353,104.6219147,70.04984555,120.8657487,52.24640429,50.52302155,42.33449333,35.72023594
7,2022-01-01 7:00:00,575.5312548,2.580500066,2.663588439,12.5774302,37.88961441,0.09399200729,30.1256587,104.6345483,70.23345586,120.9271537,52.23661612,50.45789272,42.25700214,35.72010426
8,2022-01-01 8:00:00,577.3221733,2.585129581,2.580185738,12.64255088,34.6534981,0.09427064694,30.21567917,104.6468524,70.43806991,120.9873414,52.22667339,50.39298661,42.17929318,35.71975231
9,2022-01-01 9:00:00,573.1719884,2.580658575,2.573021441,12.80773311,30.38501353,0.09673781915,30.30592942,104.6591763,70.64334148,121.0469971,52.2168642,50.3278824,42.10153598,35.71972524
10,2022-01-01 10:00:00,570.1443902,2.596620615,2.56589933,12.97246379,26.12073195,0.09133872559,30.39594446,104.6718766,70.8482362,121.1065418,52.20660848,50.26290699,42.22284878,35.82880217
11,2022-01-01 11:00:00,570.0008923,2.59181223,2.558729247,13.00908525,26.69480253,0.09420473664,30.48598187,104.7467705,71.05342251,121.1676603,52.22933196,50.24996305,42.57487213,36.10225331
12,2022-01-01 12:00:00,572.6103547,2.574265041,2.555215338,12.941384,30.48396024,0.09526947972,30.57618914,104.9276432,71.25834485,121.2318001,52.31311038,50.3306536,42.92750333,36.37711695
13,2022-01-01 13:00:00,570.000181,2.60021274,2.569118123,12.92591736,29.1423797,0.09198050738,30.70677384,105.1101758,71.4635978,121.338037,52.39824003,50.41301827,43.28005838,36.65212214
14,2022-01-01 14:00:00,569.9995983,2.597166591,2.585198128,12.92410704,30.89413581,0.09877983142,30.86318085,105.2929649,71.65110675,121.4611302,52.48325222,50.49575057,43.63245959,36.92715871
15,2022-01-01 15:00:00,573.7706705,2.574417705,2.598269147,12.92271241,36.12673344,0.09296007918,31.01935299,105.4757004,71.76453051,121.5850473,52.56799019,50.5784351,43.98482635,37.2020719
16,2022-01-01 16:00:00,570.1350154,2.586697303,2.601156972,12.91911572,26.05847484,0.09589218457,31.17554608,105.658269,71.86954947,121.7090095,52.65306282,50.66068307,44.3373285,37.47740856
17,2022-01-01 17:00:00,569.9988318,2.599951616,2.631266269,12.88454554,43.09190339,0.09731366023,31.33167583,105.8413465,71.9744839,121.8312252,52.73788096,50.74324691,44.68987986,37.75239144
18,2022-01-01 18:00:00,569.9989072,2.600679818,2.661438381,12.8382645,36.42505967,0.09633595997,31.4881613,106.0240076,72.07958615,121.9526559,52.82302581,50.8255563,44.75944939,37.83602863
19,2022-01-01 19:00:00,571.4348159,2.588745185,2.691607245,12.79175664,30.10051457,0.0971891875,31.64421322,106.0840348,72.18468297,122.073965,52.8537875,50.84614759,44.4992241,37.63101739
20,2022-01-01 20:00:00,571.3875107,2.606039898,2.619937965,12.74517598,27.01079637,0.09388595575,31.79792837,105.9420736,72.28960353,122.1810748,52.78334169,50.75579314,44.23900467,37.42315451
21,2022-01-01 21:00:00,569.9984917,2.607655523,2.633881084,12.69870004,33.8746306,0.09465903481,31.7096609,105.7972307,72.39469366,122.1013226,52.71131799,50.66324099,43.97798048,37.21512482
22,2022-01-01 22:00:00,570.1685763,2.597460655,2.673428122,12.6522693,43.57777014,0.09630770349,31.46688459,105.6518125,72.44781251,121.957826,52.63870432,50.57092215,43.71764119,37.00780417
23,2022-01-01 23:00:00,573.7937945,2.553043963,2.538684189,12.62375876,40.94315073,0.0982892413,31.22450966,105.5070531,72.2823139,121.8141377,52.56599234,50.47823628,43.45710015,36.79974263
24,2022-01-02 0:00:00,569.9982403,2.545230226,2.533487446,12.61869587,33.88768138,0.09597294733,30.98190377,105.3619651,72.09215285,121.6660059,52.49334983,50.38571144,43.19678568,36.59194531
25,2022-01-02 1:00:00,570.0004294,2.578043924,2.533142172,12.61388667,33.34583882,0.09466468854,30.73925293,105.2170954,71.90173821,121.5215799,52.42079552,50.29333849,42.9359896,36.38386707
26,2022-01-02 2:00:00,570.0000429,2.593553452,2.532807002,12.60894711,36.14703474,0.09418585659,30.49654717,105.0719776,71.71164417,121.3759103,52.34840744,50.20078995,42.76659953,36.27029668
27,2022-01-02 3:00:00,570.0002113,2.591696179,2.532486249,12.60395121,38.95501451,0.09654424386,30.25403927,105.0088365,71.5212356,121.2291501,52.31129336,50.15713006,42.69676695,36.29175498
28,2022-01-02 4:00:00,569.9989455,2.549050551,2.532024924,12.59921087,41.75696309,0.09466119921,30.01583618,105.0797965,71.33105804,121.100199,52.33998629,50.2005985,42.62618838,36.31445374
29,2022-01-02 5:00:00,569.9993801,2.58054458,2.521509027,12.59299392,44.56738611,0.09245176379,30.12091435,105.1526333,71.14109734,121.210736,52.37012035,50.24534951,42.55679226,36.33686519
30,2022-01-02 6:00:00,570.000692,2.586915139,2.505596766,12.58738597,47.36919195,0.0981937984,30.4436075,105.225753,71.06627865,121.3921229,52.39998979,50.29035414,42.48662762,36.35933402
31,2022-01-02 7:00:00,569.9984749,2.599898841,2.514068771,12.62452204,50.19691106,0.09722219402,30.76598052,105.2989967,71.46565994,121.5705168,52.43030617,50.33551625,42.4164018,36.38167347
32,2022-01-02 8:00:00,569.9988225,2.576916266,2.533552528,12.68340475,36.70243576,0.09568028024,31.08843849,105.3717242,71.91571468,121.7583861,52.4600767,50.38048687,42.34626769,36.40401019
33,2022-01-02 9:00:00,571.4766326,2.565671605,2.553085818,12.74221892,34.70880423,0.09469363965,31.41125712,105.4446245,72.36588875,121.940349,52.49012673,50.42560924,42.27679476,36.42670769
34,2022-01-02 10:00:00,575.9235874,2.584565639,2.572596438,12.80136824,32.82971339,0.09209900932,31.73348545,105.5177696,72.81614142,122.1212357,52.5203668,50.47036703,42.36463264,36.51421707
35,2022-01-02 11:00:00,570.0367532,2.623792753,2.59207132,12.86186775,30.95680318,0.09346524304,32.05602221,105.5712874,73.26611766,122.3031679,52.54988301,50.50487782,42.62480093,36.69150178
36,2022-01-02 12:00:00,570.1591777,2.57485666,2.611156068,12.94122947,29.07765237,0.09857489343,32.37492186,105.5987581,73.71633048,122.4739276,52.57988885,50.52004643,42.88487692,36.86916531
37,2022-01-02 13:00:00,570.0001665,2.610131171,2.624592016,12.96229739,27.20233202,0.09766737453,32.38526729,105.6266289,74.16629971,122.4760967,52.61005608,50.53505672,43.14481892,37.0467878
38,2022-01-02 14:00:00,570.0141496,2.596753537,2.636244552,12.94978175,35.23622344,0.09570532319,32.20170237,105.6540737,74.44917839,122.4270973,52.64006122,50.55006645,43.40498651,37.22478658
39,2022-01-02 15:00:00,570.9634782,2.605584105,2.633736877,13.02761009,39.88242636,0.09579695246,32.01789863,105.6815116,74.05101686,122.3702416,52.66991784,50.56537867,43.66514142,37.40234045
40,2022-01-02 16:00:00,570.0012556,2.616760663,2.637934153,12.98395235,36.62097665,0.09523083318,31.83415385,105.7093461,73.58124591,122.3186704,52.70045095,50.58019179,43.92527719,37.57998639
41,2022-01-02 17:00:00,569.9986913,2.626054873,2.647916574,12.91763433,34.34150788,0.09436224272,31.65038653,105.7364747,73.11091087,122.2670629,52.73006887,50.59535099,44.18513125,37.75739951
42,2022-01-02 18:00:00,569.9990434,2.624339793,2.657922239,12.85122818,32.06645648,0.09653777595,31.46636498,105.7641482,72.64094148,122.2148475,52.75987555,50.61013354,44.24993171,37.78650506
43,2022-01-02 19:00:00,573.2316653,2.617325501,2.667876511,12.78505405,29.78298208,0.09443545083,31.28264505,105.7416365,72.17049182,122.1615188,52.75614686,50.61010879,44.10503411,37.61758954
44,2022-01-02 20:00:00,571.3331685,2.598856267,2.569677729,12.73026163,27.53128121,0.09499363749,31.09959514,105.6517143,71.70013334,122.1072662,52.68966076,50.58278782,43.95986016,37.44724094
45,2022-01-02 21:00:00,569.998745,2.601911975,2.616305005,12.69726002,26.7901188,0.094750733,30.96359305,105.56179,71.23042737,122.0429557,52.62253768,50.55558159,43.81486246,37.27671943
46,2022-01-02 22:00:00,570.3100965,2.59753647,2.659702266,12.67200866,26.9218459,0.09508212757,30.85753041,105.4712816,70.83011884,121.9763811,52.55523068,50.52805046,43.67000346,37.10643825
47,2022-01-02 23:00:00,574.6421788,2.587981038,2.656739674,12.66614393,27.89883898,0.09806279672,30.7510363,105.3812079,70.71044368,121.9114668,52.48719422,50.5007247,43.52482304,36.93633095
48,2022-01-03 0:00:00,578.4125919,2.578253218,2.652817506,12.66161265,35.366603,0.0959983408,30.64488649,105.2910871,70.62038114,121.8451581,52.41965247,50.47317581,43.3796063,36.76578603
49,2022-01-03 1:00:00,574.3739502,2.584022882,2.648881885,12.65673739,29.38749056,0.09568378838,30.53856827,105.2009142,70.52988176,121.7754121,52.35219506,50.44544577,43.23482209,36.59542187
50,2022-01-03 2:00:00,569.9992252,2.598132859,2.644985879,12.65201393,28.48908068,0.09508715805,30.4322522,105.1109708,70.44022042,121.708283,52.28437645,50.41760182,43.08609821,36.48043264
51,2022-01-03 3:00:00,572.4765161,2.606603383,2.628858498,12.64724538,27.97811856,0.09718030419,30.32591971,105.0887975,70.34995448,121.6393557,52.24514658,50.39598409,42.93358966,36.43502806
52,2022-01-03 4:00:00,570.0003549,2.596819331,2.584890644,12.648979,27.51137205,0.09397333905,30.22306677,105.1533257,70.26014205,121.5858467,52.25672145,50.38312887,42.78074147,36.38989404
53,2022-01-03 5:00:00,570.0018141,2.578742525,2.599325768,12.65498777,28.79814128,0.09549897398,30.37502607,105.2184393,70.17007301,121.7147378,52.26918418,50.37073467,42.62846963,36.34465127
54,2022-01-03 6:00:00,569.9990747,2.604514039,2.613689877,12.66009536,30.68868596,0.09539641746,30.68652421,105.2836216,70.19235064,121.9036112,52.28168306,50.35818333,42.47610354,36.29912398
55,2022-01-03 7:00:00,572.3287549,2.585650912,2.644830041,12.66616744,31.40668659,0.09530776172,30.99778767,105.3485951,70.65397349,122.0960192,52.29429061,50.34561301,42.32336012,36.25424018
56,2022-01-03 8:00:00,570.0009645,2.611308807,2.664687762,12.67474277,32.61980165,0.09394082365,31.30926118,105.4135179,71.15983053,122.2868255,52.30670108,50.33289251,42.17086829,36.20889291
57,2022-01-03 9:00:00,569.9994622,2.610198908,2.674168698,12.68344422,35.46980182,0.09599326865,31.62010645,105.4785215,71.6650656,122.4781606,52.31909028,50.32052468,42.01870995,36.16382994
58,2022-01-03 10:00:00,574.1448298,2.591342864,2.683602642,12.69152087,31.96113014,0.09319157258,31.93142662,105.5433772,72.17122755,122.6684961,52.33185202,50.30827848,42.09895332,36.2574341
59,2022-01-03 11:00:00,569.9983068,2.605689897,2.693113202,12.7002226,31.85385081,0.09596832969,32.24269072,105.611739,72.67725482,122.857598,52.35483823,50.319067,42.42668268,36.50260412
60,2022-01-03 12:00:00,569.9974816,2.620275458,2.685277121,12.7098128,33.13533389,0.09559256413,32.55035113,105.6843293,73.18344361,123.0294172,52.39693279,50.37092954,42.75446431,36.74863864
61,2022-01-03 13:00:00,569.9969749,2.576798397,2.62765229,12.779329,32.53269014,0.09600666597,32.5813271,105.7570846,73.68906797,122.9793675,52.43926168,50.42334281,43.08207659,36.99387248
62,2022-01-03 14:00:00,570.0009901,2.583458036,2.642540619,12.88282024,34.9003152,0.09540755952,32.44021912,105.8293832,74.01513735,122.8565297,52.48185332,50.47571854,43.40957888,37.23930468
63,2022-01-03 15:00:00,570.0027836,2.568726963,2.65737886,12.9862798,41.1130082,0.09863064709,32.29896184,105.9020518,73.67294803,122.733261,52.5241144,50.52848577,43.73732878,37.48482452
64,2022-01-03 16:00:00,569.9984082,2.574598191,2.672240519,13.07629212,35.9968162,0.09489122637,32.15731138,105.9745444,73.26782856,122.6114012,52.56703548,50.58083918,44.06472977,37.7305461
65,2022-01-03 17:00:00,570.0035716,2.58358848,2.687096201,13.15648526,33.64710025,0.1002553959,32.01643193,106.0470439,72.86266325,122.4892377,52.60953544,50.63375024,44.39246623,37.97624734
66,2022-01-03 18:00:00,570.001068,2.614690318,2.701944854,13.23661228,31.29661228,0.09539975887,31.87496749,106.1194915,72.45745686,122.3647018,52.65183522,50.68594526,44.52694873,38.05792124
67,2022-01-03 19:00:00,570.0010517,2.614637022,2.687444353,13.26430675,28.94671503,0.09421138056,31.73408674,106.0943249,72.05209502,122.2426348,52.66982453,50.71749414,44.45902784,37.97301219
68,2022-01-03 20:00:00,570.4999317,2.604803975,2.638432034,13.19511258,28.87776001,0.09660959371,31.59248295,105.9471846,71.64723611,122.12397,52.64325838,50.71328327,44.39147465,37.88778048
69,2022-01-03 21:00:00,570.0001829,2.613956203,2.589351478,13.13518226,32.88153589,0.09730309437,31.44218533,105.7995965,71.24238749,122.0374835,52.61566103,50.70825325,44.32395982,37.80279289
70,2022-01-03 22:00:00,569.998328,2.599059921,2.540303667,13.08880256,36.9652993,0.09563167544,31.28534392,105.6522733,70.86178858,121.9579513,52.58820476,50.70364324,44.2560206,37.7179354
71,2022-01-03 23:00:00,569.9985167,2.584103249,2.525788847,13.04319766,41.64422643,0.09417727806,31.12937193,105.5049529,70.57318231,121.882478,52.5607471,50.69810364,44.18878353,37.63288591
72,2022-01-04 0:00:00,572.4919449,2.600923827,2.572982376,13.02673656,41.91694805,0.09835363777,30.97304444,105.3572739,70.2931393,121.8026051,52.53301656,50.69339107,44.12102205,37.54793208
73,2022-01-04 1:00:00,570.2119751,2.604902403,2.621411652,13.03541502,42.12889947,0.09604232997,30.81702186,105.2097339,70.01278749,121.7272439,52.50564516,50.68814692,44.05342515,37.46268819
74,2022-01-04 2:00:00,570.1101851,2.580565396,2.669466371,13.04418673,42.66958763,0.09770165721,30.66030724,105.0624939,69.73234749,121.6476072,52.47813111,50.68314452,43.92350692,37.37166055
75,2022-01-04 3:00:00,570.0003636,2.610955314,2.673821917,13.0531004,43.4752144,0.09936989384,30.50444686,105.0289634,69.45241217,121.5708279,52.46656164,50.68574232,43.73339129,37.27435222
76,2022-01-04 4:00:00,570.0007613,2.582356862,2.648688889,13.06166625,44.31377817,0.0975846962,30.35146784,105.1388095,69.17234538,121.5166166,52.48350286,50.70041345,43.54302281,37.17657737
77,2022-01-04 5:00:00,570.3096784,2.605691396,2.623550284,13.01493571,40.45394509,0.09297435774,30.45775901,105.2487634,68.89202677,121.7572309,52.50086388,50.71546602,43.35309968,37.07892839
78,2022-01-04 6:00:00,572.6279482,2.605815382,2.600764834,12.84798619,31.65153425,0.09789998185,30.72528203,105.3588279,68.80328066,122.0846396,52.51802177,50.73039654,43.16279574,36.98158263
79,2022-01-04 7:00:00,569.8660889,2.60044949,2.516958146,12.83307648,26.29837535,0.09558499506,30.99238094,105.4687359,69.40594243,122.4152578,52.53613539,50.74528923,42.97231925,36.88396944
80,2022-01-04 8:00:00,570.0008901,2.581097949,2.572557517,12.98291714,26.40983423,0.09815803192,31.25951081,105.5790483,70.07142681,122.7443905,52.55345029,50.7603131,42.78209733,36.78671822
81,2022-01-04 9:00:00,569.9997392,2.603161433,2.628178057,13.13313078,33.72707646,0.09541915291,31.52684663,105.6892974,70.73655894,123.0727427,52.57071116,50.77514605,42.59180794,36.68954481
82,2022-01-04 10:00:00,569.9987345,2.614578423,2.683795968,13.28289267,39.74989691,0.09797321287,31.79395592,105.7989964,71.4015409,123.4081395,52.58842514,50.79025955,42.66577484,36.75671508
83,2022-01-04 11:00:00,572.9016919,2.60552265,2.739407193,13.39121943,40.4627224,0.09820761994,32.07146153,106.1363053,71.80268189,123.7355927,52.63777286,50.83460497,42.98569752,36.99163743
84,2022-01-04 12:00:00,571.6119289,2.582689561,2.659400221,13.24418712,34.08216362,0.10057358,32.43008354,106.7541552,71.87857648,124.0608179,52.74410493,50.92849029,43.3058474,37.22674548
85,2022-01-04 13:00:00,569.9999467,2.594528867,2.646535169,13.13371997,40.76740983,0.1057554678,32.8063256,107.3731346,71.95347352,124.3195279,52.8518514,51.02373638,43.62615027,37.46183333
86,2022-01-04 14:00:00,570.0002863,2.643842647,2.677554954,13.02991988,44.63025791,0.1002768092,33.182501,107.9917824,72.02836271,124.5662185,52.95911055,51.11881708,43.94668122,37.69715747
87,2022-01-04 15:00:00,571.6982821,2.592583406,2.707233487,12.9254646,45.68073648,0.1032888366,33.55884037,108.6101187,72.10381503,124.8076627,53.06675515,51.21367366,44.26630495,37.93195933
88,2022-01-04 16:00:00,574.874273,2.563260886,2.646431746,12.88390507,38.9109034,0.1036674592,33.93508574,109.2285809,72.17850751,125.0522395,53.17423778,51.30865164,44.58673163,38.16674099
89,2022-01-04 17:00:00,569.9999703,2.576761706,2.637019141,12.90172936,35.77732185,0.09549262904,34.31127738,109.8476307,72.25353272,125.2929551,53.28189052,51.40338587,44.90670821,38.40191378
90,2022-01-04 18:00:00,570.000076,2.637390134,2.633898261,12.91997867,36.60210536,0.09988966611,34.68746506,110.466146,72.32882609,125.5356336,53.38930075,51.49883102,44.99627941,38.46279822
91,2022-01-04 19:00:00,569.9987627,2.577268828,2.630795447,12.92934089,37.43033853,0.09813130855,35.03264763,110.7915118,72.7308479,125.7766147,53.44935944,51.56757059,44.87362633,38.34736558
92,2022-01-04 20:00:00,569.9991078,2.57283406,2.627657232,12.93339876,38.2604269,0.09948108234,35.12866062,110.774555,73.53191727,126.006364,53.42619262,51.59052244,44.75115354,38.23173812
93,2022-01-04 21:00:00,569.9980442,2.582078004,2.624568442,12.93722088,39.0864391,0.1032584631,35.16963954,110.7572754,74.33397869,126.1068161,53.40134621,51.61326259,44.6286314,38.11688614
94,2022-01-04 22:00:00,570.639568,2.588933029,2.622686148,12.84314644,39.91256224,0.0993634067,35.21066132,110.739363,75.12622661,126.1609486,53.37660629,51.63571142,44.506104,38.0011561
95,2022-01-04 23:00:00,578.4132445,2.572316187,2.657363429,12.69191714,40.10490637,0.09588749175,35.25213876,110.7221902,75.35463356,126.2150847,53.35150314,51.65798941,44.38354291,37.88618957
96,2022-01-05 0:00:00,575.3253875,2.644239503,2.65806326,12.77657779,39.74493978,0.1022335621,35.29319971,110.7041469,75.25338392,126.2703352,53.32624878,51.68070476,44.26110134,37.77078986
97,2022-01-05 1:00:00,572.1873505,2.623002794,2.658776323,12.86082793,39.37991871,0.1031412869,35.33471219,110.6868749,75.15206075,126.3275198,53.30169606,51.70296222,44.13857175,37.65533412
98,2022-01-05 2:00:00,570.0610294,2.601779759,2.65948014,12.94540179,39.01940186,0.1024758204,35.37601011,110.6695698,75.05090995,126.3820084,53.27633341,51.72545662,44.05638817,37.59223984
99,2022-01-05 3:00:00,573.3193931,2.611172667,2.620997775,13.00495006,38.65525964,0.0951902404,35.41347605,110.7044356,74.9495005,126.4367175,53.27695445,51.74721377,44.011068,37.57706145
100,2022-01-05 4:00:00,570.0327302,2.589416894,2.63503611,12.94136594,38.29299592,0.1002827496,35.42385186,110.8012477,74.84819637,126.4900345,53.32260089,51.76797765,43.96629914,37.56207519
101,2022-01-05 5:00:00,572.1942845,2.632654944,2.668861193,12.85484086,37.93024364,0.1029735865,35.42797893,110.8984588,74.74700885,126.5328686,53.36921108,51.78876221,43.92107502,37.54681936
102,2022-01-05 6:00:00,573.5476862,2.61130728,2.700217577,12.77052321,37.5665248,0.0988551684,35.43214183,110.9952219,74.65034811,126.5717704,53.41549173,51.80950829,43.87582229,37.53170332
103,2022-01-05 7:00:00,569.9988204,2.629776644,2.667478497,12.78266571,35.30813095,0.09841318276,35.4357791,111.091738,74.82193113,126.6083181,53.46234745,51.83010704,43.83080867,37.51665405
104,2022-01-05 8:00:00,571.7957386,2.559275703,2.633490714,12.84544342,31.39671275,0.1052611963,35.44027604,111.1888734,75.14919402,126.6502808,53.50892702,51.85100307,43.78569822,37.50181202
105,2022-01-05 9:00:00,577.2084634,2.593937916,2.608584576,12.90834559,27.85480013,0.09820548122,35.44438135,111.28552,75.47574933,126.6849366,53.55541637,51.87136218,43.74061124,37.48693135
106,2022-01-05 10:00:00,NA,NA,NA,NA,NA,0.0928011516,NA,NA,NA,NA,NA,NA,NA,NA
107,2022-01-05 11:00:00,NA,NA,NA,NA,NA,0.1011415885,NA,NA,NA,NA,NA,NA,NA,NA
108,2022-01-05 12:00:00,NA,2.552225604,NA,NA,33.19685875,0.1032930102,36.11991803,111.6548748,NA,NA,53.46947816,51.62252333,NA,NA
109,2022-01-05 13:00:00,570.0017508,2.558127859,2.591824789,12.73858999,29.82743499,0.1000770725,36.1625405,111.7200247,NA,127.631041,53.58101289,51.68295557,NA,NA
110,2022-01-05 14:00:00,569.9959735,2.624269002,2.629190323,12.74876502,39.81103736,0.1054530023,36.20525352,111.7851949,NA,127.6684764,53.6922717,51.74326565,NA,NA
111,2022-01-05 15:00:00,569.9983316,2.559466205,2.666579826,12.75928665,42.17681893,0.1072616923,36.24814718,111.8500061,76.03531974,127.7056515,53.80344625,51.80398427,NA,NA
112,2022-01-05 16:00:00,570.1483134,2.545450096,2.686998836,12.77783611,42.29190807,0.1037585593,36.29030551,111.9151473,76.38147426,127.7402499,53.91445277,51.86455781,NA,NA
113,2022-01-05 17:00:00,571.3116511,2.550796089,2.671786945,12.81738593,40.86057228,0.105262962,36.3329682,111.9803229,76.72762138,127.7830118,54.02603578,51.92507584,NA,NA
114,2022-01-05 18:00:00,576.7522464,2.600285021,2.655319612,12.85795947,39.41596235,0.1047910366,36.37582024,112.0452097,77.07384491,127.8202457,54.13699088,51.98576145,44.92133623,38.40079617
115,2022-01-05 19:00:00,571.415714,2.627233594,2.637367763,12.97158941,37.77182165,0.1025941621,36.4559499,112.0046577,77.28234721,127.5038015,53.76504124,52.0279681,45.10417639,38.36627626
116,2022-01-05 20:00:00,570.0029888,2.624093723,2.63579999,13.04890048,33.90360005,0.100909156,36.39765847,111.8707179,77.41666769,127.0854128,53.67117035,51.92089075,45.28666778,38.42563469
117,2022-01-05 21:00:00,569.9979351,2.569830156,2.63500214,12.88474302,29.95321771,0.1049811597,36.33244085,111.7377556,77.55430649,126.6819739,53.60851435,51.80813219,45.46910684,38.48562885
118,2022-01-05 22:00:00,569.9982911,2.593657522,2.637514855,12.68824727,26.48043255,0.105353694,36.26733728,111.6045592,77.2503183,126.2778017,53.54629493,51.69543793,45.65165295,38.54560655
119,2022-01-05 23:00:00,570.0017373,2.57508104,2.652557141,12.62769034,28.22583488,0.09841231669,36.20215353,111.471636,76.54238779,125.871312,53.48372247,51.58284729,45.83426097,38.60571322
120,2022-01-06 0:00:00,569.9982426,2.584540595,2.676646963,12.61232335,29.22501408,0.1029877414,36.1375238,111.338592,75.83420758,125.4648746,53.42079273,51.47052835,46.01651489,38.66565113
121,2022-01-06 1:00:00,570.7654724,2.570069404,2.700715283,12.59640074,37.27696191,0.105996672,36.07248587,111.2060975,75.12605406,125.0606719,53.35861194,51.35827727,46.19840618,38.72564337
122,2022-01-06 2:00:00,577.765152,2.630338767,2.724422869,12.58112582,30.88051789,0.1216033702,36.00750435,111.0728703,74.47920894,124.6578019,53.29611977,51.24540624,46.13093618,38.78554912
123,2022-01-06 3:00:00,574.1923666,2.62858868,2.620725293,12.62648005,26.40004381,0.1321525907,35.71517926,110.8011016,74.90508586,124.3322029,53.19187957,51.1357658,45.86297543,38.72183907
124,2022-01-06 4:00:00,570.0007374,2.554601843,2.606612038,13.12876974,31.14324509,0.1029846552,35.12263548,110.3618304,74.569501,124.1234826,53.0310118,51.03038332,45.5959501,38.49509411
125,2022-01-06 5:00:00,569.9991241,2.590400778,2.665897595,13.23212465,33.25615294,0.1019709707,34.52880299,109.9220595,73.97482161,123.9112483,52.87006697,50.92480871,45.32807923,38.26771445
126,2022-01-06 6:00:00,574.5390946,2.626371642,2.717120565,13.17796097,35.36127154,0.09499334489,33.9348803,109.4827195,73.38013398,123.6956954,52.70869244,50.81899409,45.06029185,38.04020309
127,2022-01-06 7:00:00,573.2820308,2.618935554,2.614371532,13.12385063,36.8901152,0.1017353062,33.34115668,109.0427406,72.78544604,123.4873647,52.54775706,50.71372967,44.79279116,37.81300769
128,2022-01-06 8:00:00,569.9987974,2.620090858,2.593027268,13.0695447,28.32007918,0.09804106587,32.74744715,108.60329,72.19060438,123.2761092,52.3866493,50.6078274,44.52539693,37.58522996
129,2022-01-06 9:00:00,570.0014654,2.583594397,2.571649962,13.01548714,28.69994591,0.1007452429,32.15348697,108.1636803,71.59611104,123.0646516,52.22566963,50.50230478,44.25710275,37.35770274
130,2022-01-06 10:00:00,569.9987903,2.544639394,2.555823945,12.97560622,28.98444877,0.08041633706,31.71311629,107.8372639,71.15399093,122.907269,52.10623851,50.42397957,44.03394191,37.18916933
131,2022-01-06 11:00:00,569.9988704,2.534992882,2.555001627,12.97344668,29.00095459,0.07240258768,31.69000305,107.8199535,71.1297057,122.9023291,52.10021804,50.42008549,44.01981776,37.18008384
132,2022-01-06 12:00:00,NA,NA,NA,NA,NA,NA,NA,NA,NA,NA,NA,NA,NA,NA
133,2022-01-06 13:00:00,579.9998177,2.599523697,2.64821387,12.98677309,38.50797421,0.101383595,32.33287285,108.2322769,72.48750078,123.7317862,52.5302402,50.69974096,44.2893532,37.40615548
134,2022-01-06 14:00:00,579.9997631,2.593780314,2.700255814,12.91181109,41.7818232,0.1015113485,32.21409742,108.1951096,72.6069458,123.8026857,52.43508617,50.64476654,44.08389445,37.22303052
135,2022-01-06 15:00:00,571.172958,2.623841076,2.662853798,12.86313772,43.89130534,0.1018805426,32.09511657,108.15747,72.72604372,123.8722013,52.34024999,50.58950383,43.87854239,37.04089047
136,2022-01-06 16:00:00,571.6358153,2.624000296,2.632663157,12.86446771,43.77598063,0.09311497511,31.97639566,108.1200321,72.84575216,123.9414486,52.24546419,50.53448991,43.67353231,36.85822238
137,2022-01-06 17:00:00,572.8853709,2.625281333,2.625873866,12.8669463,43.60237115,0.09637980816,31.85788935,108.0823817,72.96481206,124.0106987,52.1502432,50.47966383,43.46821985,36.67566053
138,2022-01-06 18:00:00,574.1357202,2.582839356,2.619075822,12.86941034,43.42763525,0.09983056894,31.73889362,108.045196,73.0843087,124.0791533,52.05524966,50.42442002,43.26289484,36.49310764
139,2022-01-06 19:00:00,575.3844525,2.627296433,2.612306947,12.87211104,43.25819907,0.09902660665,31.61994097,108.0073128,73.20360549,124.1514686,51.95997872,50.36956094,43.05753847,36.31083998
140,2022-01-06 20:00:00,576.6355068,2.569658074,2.605544559,12.8740544,42.83307727,0.0998615323,31.50354343,107.9685824,73.07579754,124.2173175,51.86779647,50.31490716,42.85486691,36.12989201
141,2022-01-06 21:00:00,577.8855777,2.555407956,2.598731773,12.87683821,41.342393,0.1006218225,31.44602004,107.8989913,72.33400846,124.1384344,51.84179889,50.26870577,42.70852267,35.98968654
142,2022-01-06 22:00:00,579.133401,2.607020079,2.59194269,12.87929484,39.72811176,0.1017877596,31.4135936,107.8166151,72.21961128,123.9997553,51.84456196,50.22638952,42.5853402,35.86696255
143,2022-01-06 23:00:00,578.6494572,2.60442287,2.588776425,12.87582055,38.11745281,0.101467173,31.38121257,107.7335716,72.20996002,123.8616776,51.84673793,50.18381847,42.46262098,35.74439954
144,2022-01-07 0:00:00,576.8433552,2.591914799,2.593862546,12.86082337,36.50296478,0.09833591301,31.34840937,107.6510289,72.19980864,123.7269061,51.84940812,50.14123202,42.33964018,35.62184382
145,2022-01-07 1:00:00,574.2755876,2.609024278,2.599280157,12.84546485,34.89204264,0.09647131127,31.31603705,107.5681447,72.1893532,123.5863304,51.85201149,50.09866743,42.21630747,35.49947557
146,2022-01-07 2:00:00,571.7105473,2.589561827,2.604671931,12.83012805,33.18273432,0.1026970919,31.28372529,107.4856988,72.17972362,123.45016,51.85468683,50.05637153,42.0934124,35.37684846
147,2022-01-07 3:00:00,570.9159198,2.537640751,2.61002076,12.81473839,30.52708808,0.1071264005,31.25110533,107.4029926,72.16961778,123.3146565,51.85704888,50.01390004,41.97037391,35.25441334
148,2022-01-07 4:00:00,573.4448324,2.546503567,2.615445133,12.79945249,27.64018207,0.1085988574,31.22147934,107.3244198,72.15969363,123.1815861,51.85973219,49.972705,41.85395813,35.13885873
149,2022-01-07 5:00:00,576.0514308,2.624216742,2.620880031,12.78406649,24.74603615,0.1094032573,31.26459838,107.3301577,72.15853559,123.13343,51.87117051,49.97279595,41.85519202,35.19076172
150,2022-01-07 6:00:00,578.654543,2.628539081,2.626240642,12.76911232,21.85506995,0.1067038869,31.3378382,107.3703084,72.20184381,123.1269726,51.88610876,49.99031722,41.89994846,35.3134043
151,2022-01-07 7:00:00,579.0554402,2.564323026,2.644034136,12.76519349,28.19721517,0.1048114372,31.41169765,107.4103984,72.25205332,123.1222703,51.90122785,50.00780436,41.94531913,35.43641302
152,2022-01-07 8:00:00,579.9964187,2.553969854,2.649258879,12.77677412,30.54252389,0.1069657411,31.48569504,107.4500912,72.30186666,123.1109099,51.91617164,50.02527581,41.99058606,35.55892309
153,2022-01-07 9:00:00,579.9986744,2.643554633,2.65422428,12.78863485,33.20764295,0.1096296909,31.55950813,107.4904906,72.35225252,123.1055589,51.93109337,50.04273477,42.03526817,35.68173673
154,2022-01-07 10:00:00,580.0013923,2.63595036,2.659157232,12.80051479,33.6290373,0.1058639394,31.6332096,107.5303914,72.40177464,123.0967845,51.94601466,50.06041983,42.0807132,35.80423758
155,2022-01-07 11:00:00,580.0024244,2.630026738,2.664102935,12.81251006,33.7550585,0.1098728345,31.70697005,107.5706243,72.45198079,123.0901629,51.96119751,50.07801075,42.12582575,35.92670525
156,2022-01-07 12:00:00,580.0032221,2.636293865,2.66903818,12.82423284,33.87847123,0.1085350415,31.77885893,107.6102654,72.50225409,123.0815604,51.97663711,50.09525984,42.1727592,36.04630933
157,2022-01-07 13:00:00,579.9974487,2.622265792,2.673409327,12.83620939,34.00187756,0.1080528782,31.80294052,107.6371829,72.5307652,123.0887149,52.00788276,50.10921698,42.25381641,36.09714386
158,2022-01-07 14:00:00,579.9990199,2.553504607,2.668526052,12.85417824,34.1301931,0.1088502167,31.80645257,107.6598549,72.44974433,123.1040966,52.04523009,50.12178753,42.34648779,36.11932086
159,2022-01-07 15:00:00,579.9997784,2.608772637,2.660380066,12.87454175,34.2550458,0.09712417234,31.8101559,107.6824536,72.35348393,123.1207995,52.08290998,50.13425189,42.43976308,36.14184578
160,2022-01-07 16:00:00,579.9975032,2.643557314,2.652290365,12.89475561,34.37885888,0.1033600168,31.8140619,107.7045844,72.2573234,123.1333419,52.12010065,50.14672968,42.53218738,36.16426802
161,2022-01-07 17:00:00,579.9997766,2.625201498,2.644157304,12.91498821,34.49082846,0.1038464004,31.81757469,107.7274058,72.16101422,123.1506651,52.1578296,50.15924967,42.62508146,36.18667651
162,2022-01-07 18:00:00,580.0026327,2.623690761,2.636035804,12.93574654,34.51342385,0.1125184489,31.82154843,107.7500919,72.06459083,123.1665364,52.19543871,50.17178931,42.71786308,36.20934995
163,2022-01-07 19:00:00,580.0019028,2.619974464,2.627919921,12.95605131,34.52695808,0.1103509509,31.82550505,107.7724292,71.96841625,123.1797557,52.23301952,50.18437068,42.81072442,36.23186442
164,2022-01-07 20:00:00,579.9999268,2.622146412,2.619784883,12.97649127,34.53978218,0.1127585266,31.82646094,107.7904651,71.87193555,123.1961219,52.2676341,50.19630111,42.8907291,36.25008715
165,2022-01-07 21:00:00,579.9999441,2.626516242,2.611939143,12.99622698,34.55157066,0.1062177701,31.76438697,107.7273812,71.80670567,123.1620659,52.24090926,50.19080819,42.79442337,36.16812486
166,2022-01-07 22:00:00,579.1796102,2.61115642,2.608694579,13.00377478,34.56199559,0.1073530966,31.67543157,107.6346995,71.90028943,123.108234,52.18866506,50.17830848,42.64214347,36.04589117
167,2022-01-07 23:00:00,578.8096619,2.634020752,2.60707918,13.00636732,34.57304673,0.107762182,31.5867429,107.5417983,72.01507479,123.0538491,52.13617584,50.16588616,42.48912492,35.92316415
168,2022-01-08 0:00:00,577.1670775,2.624572876,2.605425549,13.00888646,34.58633598,0.1103592705,31.49810182,107.4492366,72.13032624,123.0046218,52.08362861,50.15313891,42.33691818,35.80040896
169,2022-01-08 1:00:00,575.5358074,2.555943397,2.603843602,13.01124768,35.27181857,0.1099038562,31.40920003,107.3561522,72.2453269,122.9517469,52.03110151,50.14109004,42.18456958,35.67804046
170,2022-01-08 2:00:00,573.8973588,2.55539408,2.602210195,13.01389218,39.42719364,0.1117179482,31.32049529,107.2634662,72.36031015,122.8989657,51.97858796,50.12803403,42.03184489,35.55566683
171,2022-01-08 3:00:00,572.2596376,2.545585576,2.600587718,13.01614368,44.08082512,0.111732941,31.2316729,107.1707404,72.47505027,122.8472564,51.92602878,50.11577335,41.87928725,35.43307134
172,2022-01-08 4:00:00,570.6361595,2.555109737,2.59893656,13.0187794,45.90137735,0.1106086418,31.15124626,107.0881232,72.59033276,122.7967391,51.87715811,50.10604836,41.74606094,35.31897827
173,2022-01-08 5:00:00,569.995531,2.560190872,2.597666315,13.02231847,44.10440966,0.1110273842,31.26330586,107.1613847,72.69398824,122.8530445,51.91200063,50.16170589,41.8752453,35.39494541
174,2022-01-08 6:00:00,570.0031145,2.549601668,2.601269755,13.05900443,42.30397255,0.1087568915,31.45727594,107.2863029,72.74183913,122.9532102,51.98177214,50.24406116,42.08787021,35.54699292
175,2022-01-08 7:00:00,576.4640562,2.568869024,2.587101763,13.10927393,40.4970735,0.1079108354,31.65110169,107.4114728,72.78181334,123.0494584,52.05188411,50.32642313,42.30048614,35.69988475
176,2022-01-08 8:00:00,579.9994056,2.578208312,2.577067453,13.14383822,38.68916983,0.1053824617,31.84494404,107.5364402,72.82191062,123.1474199,52.12213148,50.40883047,42.51277307,35.85191144
177,2022-01-08 9:00:00,580.0014461,2.624848291,2.624203675,13.16825742,35.8256647,0.1065688123,32.03884885,107.6615119,72.86196435,123.2450656,52.19235668,50.49156005,42.72562601,36.00431058
178,2022-01-08 10:00:00,579.9987184,2.6258991,2.671344213,13.1922742,28.91985142,0.105938627,32.23278542,107.7864059,72.90166835,123.33763,52.2618536,50.57367152,42.93835677,36.15710375
179,2022-01-08 11:00:00,579.9985508,2.62291552,2.709618071,13.21662667,39.25611658,0.1037870691,32.42664634,107.9113194,72.9419854,123.4376196,52.33198088,50.65655998,43.15046715,36.30945345
180,2022-01-08 12:00:00,580.0025122,2.639071374,2.707609414,13.24078512,34.47754196,0.1096871826,32.61507396,108.0332176,72.9817637,123.5330584,52.39983787,50.73464762,43.35199878,36.45782647
181,2022-01-08 13:00:00,580.0002288,2.640151315,2.700693417,13.26522426,33.70782986,0.1086453011,32.68401198,108.1046099,73.01000706,123.5900002,52.41660377,50.71919236,43.39986539,36.51327377
182,2022-01-08 14:00:00,580.0006449,2.619601614,2.69381874,13.28904363,32.93704532,0.1093384751,32.70276254,108.1599741,72.97804897,123.6286856,52.41124115,50.66384388,43.39994245,36.53060762
183,2022-01-08 15:00:00,578.1787094,2.585320701,2.685074872,13.14925719,32.17164814,0.1052696385,32.72185839,108.2148412,72.93782421,123.6695847,52.40636205,50.60897328,43.40015066,36.54830839
184,2022-01-08 16:00:00,576.9752846,2.621997909,2.669939269,12.95334083,31.39945132,0.1077943705,32.74010872,108.2705922,72.89803269,123.7111021,52.40106828,50.55408856,43.40019443,36.56563507
185,2022-01-08 17:00:00,574.0754192,2.628658069,2.654334055,12.95372812,30.62985599,0.1110543713,32.7589687,108.3251831,72.85796659,123.7520387,52.39622439,50.49880983,43.40022087,36.58313684
186,2022-01-08 18:00:00,571.1973861,2.577244983,2.638697433,12.95365999,29.85836423,0.1108274816,32.77756407,108.3804644,72.81784064,123.789279,52.39124496,50.44386139,43.40011523,36.60080832
187,2022-01-08 19:00:00,571.37532,2.583766112,2.623060982,12.95363765,29.08678983,0.1112771499,32.79652522,108.4357968,72.77778809,123.829659,52.38610864,50.38896319,43.40015123,36.61815302
188,2022-01-08 20:00:00,573.7511914,2.59128901,2.607480377,12.9535881,28.05836663,0.1098358663,32.81242467,108.4845925,72.737719,123.8714606,52.38167502,50.33465029,43.39225695,36.63113112
189,2022-01-08 21:00:00,576.124897,2.537852353,2.59182651,12.95351268,28.93118169,0.1074937048,32.76493027,108.4542469,72.71928256,123.9073951,52.38383838,50.29747895,43.27997789,36.55328807
190,2022-01-08 22:00:00,578.501413,2.535003151,2.576192188,12.95345918,31.86090356,0.1097555368,32.69121899,108.3991591,72.8053842,123.9483638,52.38849009,50.26731474,43.13499681,36.43855732
191,2022-01-08 23:00:00,578.6880904,2.626460405,2.566048914,12.95656918,32.34499676,0.1064400969,32.61768457,108.34411,72.90535397,123.9835013,52.39360778,50.23770257,42.99037157,36.32318969
192,2022-01-09 0:00:00,575.2381597,2.620526009,2.574558565,13.02130493,32.83075643,0.1040184117,32.5437721,108.2891582,73.00516529,124.0211377,52.39877474,50.20731287,42.84492626,36.20837251
193,2022-01-09 1:00:00,571.7318079,2.622656638,2.584550157,13.11054966,33.32051822,0.1061327746,32.46993829,108.2341056,73.10551746,124.0574749,52.40387646,50.17774695,42.69994479,36.09323424
194,2022-01-09 2:00:00,570.0022741,2.625240239,2.594555236,13.20016705,33.80778527,0.1070920582,32.39631058,108.179066,73.20572467,124.095276,52.4084974,50.14737647,42.55511666,35.97819177
195,2022-01-09 3:00:00,570.3022153,2.603595016,2.604533488,13.28922547,34.2977682,0.109271474,32.32240144,108.1240734,73.30530233,124.1350542,52.41377232,50.11766505,42.41032844,35.86342009
196,2022-01-09 4:00:00,572.3889098,2.580757824,2.614552488,13.37381505,34.78340286,0.1100811944,32.2577629,108.0816378,73.40552017,124.1700748,52.4209415,50.09145448,42.28239282,35.75877014
197,2022-01-09 5:00:00,574.7729159,2.606573828,2.624530795,13.37216099,35.24270396,0.1103733977,32.39007761,108.2004928,73.49831314,124.2541614,52.47628567,50.16430142,42.38705751,35.88079812
198,2022-01-09 6:00:00,577.1631471,2.561937367,2.634576117,13.33975913,34.96919858,0.1079901051,32.60598914,108.3687232,73.55545942,124.3515648,52.55160395,50.27712743,42.56435772,36.09328419
199,2022-01-09 7:00:00,578.633811,2.560351523,2.625503443,13.30664334,34.3778685,0.1059853414,32.82115422,108.5368387,73.60813791,124.4504309,52.62643523,50.38928334,42.74195451,36.30583512
200,2022-01-09 8:00:00,578.6185309,2.552796792,2.604103667,13.27404705,33.79189869,0.1102480214,33.03629116,108.7045585,73.66085758,124.5478993,52.70144013,50.50177982,42.9195183,36.51856315
201,2022-01-09 9:00:00,576.7903017,2.555333713,2.629061654,13.24150107,33.20504612,0.1104736164,33.25170613,108.8723875,73.71348004,124.6393096,52.77623077,50.61431029,43.09694467,36.73088934
202,2022-01-09 10:00:00,574.9581922,2.618930242,2.654033171,13.20875379,32.61636745,0.1014353236,33.46670449,109.0405759,73.76594018,124.7395066,52.85135909,50.72681853,43.27433865,36.94351578
203,2022-01-09 11:00:00,573.1311128,2.616464201,2.678956318,13.17621409,32.02902919,0.1084728858,33.68205866,109.2086411,73.81863222,124.836574,52.92654876,50.83950465,43.45204778,37.15636554
204,2022-01-09 12:00:00,571.2992153,2.630394522,2.703875281,13.14419733,31.44485542,0.1049755082,33.88757271,109.36147,73.85427861,124.9323826,52.99758777,50.94683395,43.62170904,37.36058665
205,2022-01-09 13:00:00,572.2284963,2.644029668,2.728864941,13.12742265,30.89024785,0.1111623305,33.8830082,109.3460292,73.86577838,124.8564405,52.98783873,50.94231229,43.69080843,37.3971854
206,2022-01-09 14:00:00,574.2556911,2.589873371,2.700448068,13.11626075,31.20621679,0.09318742156,33.79409052,109.2836131,73.8771299,124.7245457,52.9455818,50.89237009,43.72866487,37.36727415
207,2022-01-09 15:00:00,570.0013106,2.582236228,2.611092033,13.10531944,31.89397136,0.09132325826,33.70518198,109.2209238,73.88841121,124.5861997,52.9030263,50.84233527,43.7660897,37.33673263
208,2022-01-09 16:00:00,570.0019848,2.627160177,2.616310426,13.09457909,32.58105094,0.09710531509,33.61664582,109.1587306,73.89947951,124.4515655,52.86036215,50.79243868,43.80355779,37.30716451
209,2022-01-09 17:00:00,570.0008996,2.62105774,2.621613352,13.08362386,33.26931558,0.10524751,33.52773115,109.0955444,73.91091645,124.3170045,52.81814121,50.74266115,43.84109004,37.27705726
210,2022-01-09 18:00:00,570.0031047,2.618258283,2.626819545,13.07236382,33.95789846,0.1089062981,33.43916147,109.0333823,73.92224417,124.1837054,52.77589397,50.69247316,43.87873577,37.24663703
211,2022-01-09 19:00:00,570.0001732,2.621946452,2.632077667,13.06147044,34.64421628,0.1059590901,33.35002927,108.9704964,73.93299239,124.0469722,52.73299771,50.64257558,43.91618554,37.21670962
212,2022-01-09 20:00:00,570.0010358,2.632155951,2.637336987,13.05311263,35.33298706,0.1053226109,33.27575674,108.8728397,73.60031194,123.8803975,52.65525021,50.56204437,43.88920339,37.15388933
213,2022-01-09 21:00:00,569.9991958,2.63232794,2.642585139,13.08577603,36.05794348,0.1092814122,33.50245116,108.3949489,72.77854147,123.0526121,51.82105778,49.82493758,43.01261785,36.51494872
214,2022-01-09 22:00:00,570.0006459,2.599703882,2.640907034,13.13328553,37.7135504,0.1022928785,33.84981921,107.8142551,71.95334846,121.9656161,50.67965121,48.82062308,41.87227989,35.66663399
215,2022-01-09 23:00:00,570.8477155,2.526795622,2.502028035,11.97029758,37.9608685,0.09889565133,34.19670594,107.2333798,70.94972682,120.5235635,49.53782704,47.81644365,40.73237933,34.81785249
216,2022-01-10 0:00:00,313.5005606,2.128947514,2.218351361,6.801690981,34.14282385,0.3836547309,34.22044069,99.42996725,60.42518849,104.558087,48.24411118,46.80768116,39.59228239,33.96960998
217,2022-01-10 1:00:00,-0.001062006061,0.8357891481,0.8951941079,0.6348168727,19.88567017,0.7929886171,33.46405608,59.46974595,32.94587181,54.96209703,45.09420943,44.72380672,38.45078244,33.12138331
218,2022-01-10 2:00:00,-0.002205588676,0.5026599912,0.5275636051,0.4919179169,19.32775567,0.4449040295,31.9454349,40.71868314,25.29065889,34.51710544,41.3965819,41.81555365,37.2020547,32.2726719
219,2022-01-10 3:00:00,3.33E-05,0.7243806076,0.74047696,0.5076539672,20.00189958,0.6733249614,30.41553327,31.99369861,22.81611409,29.06445091,37.69868562,38.90774467,35.88944535,31.42435475
220,2022-01-10 4:00:00,-0.0008413915543,0.7989776626,0.7772972038,0.6405907459,29.77682721,0.7539673588,28.88580339,26.65778099,20.3427358,26.57764867,34.00127717,35.9998099,34.57704023,30.58750193
221,2022-01-10 5:00:00,-1.47E-05,0.8340075876,0.8026300632,0.618815104,29.47523828,0.7744360227,27.35500615,25.82808629,19.20550219,24.08920585,31.46871318,33.09160046,33.26428824,29.94402672
222,2022-01-10 6:00:00,0.001806326091,0.1900869818,0.2387741679,0.05626972758,27.31392578,0.05646048239,25.82513789,25.02026278,19.23444023,22.55787438,30.99474226,31.30343023,31.95181257,29.36861406
223,2022-01-10 7:00:00,0.00188600606,0.5418478274,0.18395486,-0.0001062477996,25.84295862,2.44E-07,24.29506583,24.21192544,19.26294409,22.33829052,30.5599713,30.93090406,30.63931831,28.79313862
224,2022-01-10 8:00:00,-0.0002504900118,0.6259741387,0.1718154402,-8.23E-05,28.17999814,1.53E-06,22.87453272,23.40391266,19.29175502,22.12375324,30.12460657,30.56380079,29.32691662,28.217488
225,2022-01-10 9:00:00,-9.57E-05,0.6095931845,0.1596717802,-4.12E-05,30.51721374,2.42E-06,22.4134688,22.59586084,19.3206499,21.91230514,29.68987099,30.19595478,28.02375156,27.64228454
226,2022-01-10 10:00:00,0.001363720868,0.626751671,0.147508288,-1.75E-05,32.8585421,8.57E-07,22.17573126,21.78778832,19.34927923,21.69914387,29.25470179,29.8284437,27.32442027,27.06686797
227,2022-01-10 11:00:00,0.00087359563,0.6370119993,0.135342252,0.0001360881774,35.195217,2.35E-06,21.9381826,20.97979996,19.378397,21.48912385,28.81960775,29.46095734,26.98692282,26.49125683
228,2022-01-10 12:00:00,-0.0001854513121,0.6467658628,0.1232083185,0.0002209201969,34.45048272,1.56E-06,21.70098304,20.55219936,19.40705608,21.27607766,28.38462913,29.09323632,26.64964522,25.93213905
229,2022-01-10 13:00:00,-0.002017186651,0.653690891,0.1110638143,0.0002361332514,38.40799676,-1.01E-06,21.46320816,20.62029374,19.44724834,21.0636275,28.09812321,28.72574219,26.31179868,25.58451185
230,2022-01-10 14:00:00,-0.0001469787552,0.660282825,0.1040499316,3.50E-05,24.63713259,1.22E-06,21.22595317,20.69009687,19.49730824,20.90802064,28.07300215,28.50277764,25.97448853,25.30205497
231,2022-01-10 15:00:00,-0.0005808272408,0.6668457618,0.1021863307,0.0001027400871,23.98194463,3.55E-08,20.9885054,20.76032426,19.54719584,20.83022022,28.05299508,28.46247144,25.63712064,25.01942738
232,2022-01-10 16:00:00,-0.001719094091,0.6734268651,0.1002800951,0.0002297051933,37.80750923,9.71E-07,20.75943338,20.83030818,19.59728081,20.7555917,28.03337083,28.42237961,25.29953398,24.73700438
233,2022-01-10 17:00:00,0.0009177970195,0.6799825723,0.09841026718,1.12E-05,37.62040652,5.97E-07,20.60922594,20.90060755,19.64741929,20.67511346,28.01322588,28.38214299,24.96217321,24.45450663
234,2022-01-10 18:00:00,-7.25E-05,0.6850316318,0.09655068538,0.0001687492973,37.42959236,2.09E-08,20.47675816,20.97040129,19.69747434,20.59569907,27.99287866,28.34247798,24.64467877,24.17175383
235,2022-01-10 19:00:00,0.0003674244966,0.6883790797,0.09467728361,-0.000234109883,37.23980111,1.71E-07,20.34412428,21.04068269,19.74734172,20.51932379,27.97327396,28.30225421,24.33868921,23.88940112
236,2022-01-10 20:00:00,0.001493386529,0.6917710652,0.09277414212,-0.0002039817099,37.05369975,1.01E-06,20.21156398,21.00498822,19.7971442,20.44330966,27.95317585,28.2624828,24.03294224,23.60669277
237,2022-01-10 21:00:00,0.001962004714,0.6951511802,0.09089313862,0.0001228951319,36.86862312,1.99E-06,20.0791282,20.83428181,19.74851776,20.3649564,27.90070149,28.22225409,23.72693188,23.32290744
238,2022-01-10 22:00:00,-0.002669926761,0.6985466353,0.08992473133,0.0001771087051,36.6796466,4.41E-07,19.94663802,20.66278774,19.61856917,20.28236057,27.79168558,28.15681698,23.421014,23.03834301
239,2022-01-10 23:00:00,-0.000848600617,0.7019347952,0.08981245975,-0.0002883058674,36.49316958,-1.25E-06,19.81413077,20.49159689,19.48836694,20.19415227,27.68172868,28.05950468,23.11538967,22.75374923
240,2022-01-11 0:00:00,0.00349001378,0.7052714607,0.0897138312,-0.0003288682838,36.11219729,-1.12E-06,19.68265238,20.32017947,19.35834425,20.10271467,27.57162328,27.96206259,22.80914895,22.46876603
241,2022-01-11 1:00:00,0.001575298444,0.7086311558,0.08956008415,0.0001113369117,35.55061772,1.01E-06,19.56174131,20.14912511,19.22866884,20.01043964,27.46159064,27.86457454,22.505014,22.18452075
242,2022-01-11 2:00:00,0.0003640979212,0.7125328633,0.08941607517,-0.0001148125481,34.9871654,-1.76E-06,19.44286282,19.97764755,19.09838887,19.92233735,27.35174691,27.76664082,22.26368631,21.90053295
243,2022-01-11 3:00:00,-0.0001142327817,0.7169121382,0.08929844121,-0.0001018801644,34.4249123,-6.12E-07,19.32429451,19.80646784,18.96847553,19.83162592,27.24144596,27.66942023,22.05786771,21.61570844
244,2022-01-11 4:00:00,-0.0006596402605,0.7212973122,0.08917643391,0.0001939773284,33.85937986,-4.63E-07,19.20525508,19.66303239,18.83830132,19.74159919,27.13155844,27.5717741,21.85196406,21.33560468
245,2022-01-11 5:00:00,0.001819699686,0.7256566721,0.0890571371,-0.0001112148421,33.29748043,-7.79E-07,19.08656237,19.5481441,18.68419691,19.64858015,27.02140388,27.47409386,21.64597401,21.09736126
246,2022-01-11 6:00:00,-5.30E-05,0.7300640816,0.0885230589,-3.99E-06,32.73492491,-1.07E-07,18.96781544,19.43287941,18.51008049,19.51112161,26.9114536,27.35647555,21.4403518,20.86963664
247,2022-01-11 7:00:00,0.001750441966,0.7344391766,0.08763788224,-3.40E-05,32.1760301,1.27E-07,18.84890916,19.31793112,18.33597772,19.30269262,26.80170199,27.21423385,21.23401926,20.64163144
248,2022-01-11 8:00:00,0.000803653455,0.7388200826,0.08677418567,0.0002030806189,32.07695807,-1.26E-06,18.72776864,19.20302582,18.16175709,19.09704555,26.69148289,27.07195192,21.02831088,20.4139958
249,2022-01-11 9:00:00,-0.0002700461759,0.7431870842,0.08590229341,9.22E-05,32.43177552,1.13E-06,18.58601764,19.08777553,17.98764318,18.8875551,26.58152904,26.92914918,20.82239191,20.18621977
250,2022-01-11 10:00:00,-0.0003575589073,0.7457233528,0.08498546097,-9.72E-05,32.78003054,5.98E-07,18.43957488,18.97266281,17.81355748,18.67949545,26.471834,26.78680017,20.61015442,19.95852871
251,2022-01-11 11:00:00,-0.00160916461,0.7467105785,0.08411527257,0.0001524256621,33.12683212,4.94E-07,18.29358964,18.85759729,17.63933586,18.47293257,26.36147588,26.64403523,20.39502858,19.73080831
252,2022-01-11 12:00:00,-5.30E-05,0.7477118312,0.08326515112,3.31E-06,33.47843407,1.34E-06,18.14713089,18.72281998,17.46523491,18.26762745,26.25130188,26.50179721,20.18018837,19.50427239
253,2022-01-11 13:00:00,-0.003005993288,0.7486940395,0.08238755231,-0.000100001632,33.82645866,5.15E-06,18.0012436,18.56753491,17.29916031,18.05710353,26.1395788,26.35926477,19.96496499,19.2860912
254,2022-01-11 14:00:00,-0.00161108729,0.7496595321,0.08120546049,-0.0001785934168,34.17878254,-1.75E-06,17.8544271,18.4123293,17.13903398,17.85528959,26.0247228,26.23308094,19.74995464,19.07011497
255,2022-01-11 15:00:00,0.0004625136002,0.7506565624,0.07986880413,-1.53E-06,34.53098094,3.94E-07,17.70853352,18.25740698,16.97865836,17.65683457,25.90977624,26.12837343,19.53502862,18.85430793
256,2022-01-11 16:00:00,-0.00121670313,0.7516417767,0.07844004991,7.03E-05,34.62871806,1.30E-06,17.55383766,18.10232631,16.81874604,17.46038844,25.79466972,26.02316002,19.32020025,18.63838011
257,2022-01-11 17:00:00,1.62E-05,0.7525390452,0.07706187456,-2.32E-05,34.49100547,9.87E-07,17.32713821,17.94750853,16.65890592,17.26181282,25.67975643,25.91797866,19.10489632,18.42218467
258,2022-01-11 18:00:00,-0.002763267283,0.747851478,0.07570482626,1.99E-05,34.35312953,-4.72E-07,17.08297528,17.79238668,16.49892572,17.06558251,25.56453416,25.81303517,18.87608408,18.20648863
259,2022-01-11 19:00:00,0.003438830715,0.7395660771,0.07430800107,0.0001723296356,34.21757362,-8.36E-07,16.83921384,17.63737216,16.33875531,16.86556974,25.44957669,25.70792447,18.64037561,17.99077782
260,2022-01-11 20:00:00,-0.00346435649,0.7313010845,0.07291793237,-7.02E-05,34.07800367,3.94E-07,16.59537466,17.44597868,16.17867188,16.66730252,25.3346492,25.60309569,18.40482206,17.77363981
261,2022-01-11 21:00:00,0.0001630715278,0.7230218255,0.0715484226,-8.71E-07,33.9415977,-1.37E-07,16.35183287,17.21790452,16.0027938,16.47089313,25.20227991,25.49761603,18.16970279,17.54799508
262,2022-01-11 22:00:00,0.0005770585335,0.7147504686,0.07106954002,-8.72E-05,33.80542522,-1.80E-06,16.1080263,16.98947721,15.81529086,16.30640583,25.04040199,25.38806899,17.9340459,17.32052964
263,2022-01-11 23:00:00,0.0007037485524,0.7065049918,0.0711893087,0.0002002235857,33.66643771,-7.81E-07,15.86408914,16.7620378,15.62800433,16.18164043,24.87784853,25.27328379,17.69879949,17.09314033
264,2022-01-12 0:00:00,-0.0001876390075,0.6982148553,0.07134507341,8.71E-05,33.66594139,-3.93E-06,15.62794864,16.53356777,15.44053389,16.06102115,24.71508964,25.1582008,17.46347717,16.86540018
265,2022-01-12 1:00:00,0.0003342506929,0.6900300392,0.07145976869,0.0002570465066,33.79010311,-3.25E-06,15.45871647,16.30570946,15.25273716,15.93918816,24.5525234,25.04343976,17.23118849,16.63793559
266,2022-01-12 2:00:00,0.001409812719,0.6877285372,0.07155784261,7.53E-05,33.91405893,2.60E-07,15.30535645,16.07757432,15.06512012,15.81448812,24.39028278,24.92795452,17.10476102,16.41042566
267,2022-01-12 3:00:00,0.000999132706,0.6888763333,0.07169660548,1.09E-05,34.0423793,8.08E-07,15.15184813,15.84983637,14.87776253,15.69361996,24.22793984,24.81315436,17.02716136,16.18308711
268,2022-01-12 4:00:00,0.0002240089858,0.6899745694,0.07182839867,2.09E-05,34.16571196,-3.43E-06,14.99764184,15.79712561,14.69068899,15.57311662,24.06499046,24.69822442,16.94973346,15.97681103
269,2022-01-12 5:00:00,-3.62E-05,0.6910927153,0.07196646737,0.0001209147529,34.29140291,2.71E-06,14.84417712,15.90735112,14.68146454,15.44776216,23.98718069,24.58304299,16.87223399,15.93990648
270,2022-01-12 6:00:00,0.00205227267,0.6922299811,0.07209605605,-4.69E-05,34.41489122,1.80E-06,14.69026752,16.01757209,14.8056545,15.45794751,24.05473402,24.53613975,16.79462239,15.93994945
271,2022-01-12 7:00:00,-0.002073133154,0.6933449869,0.07218821206,-7.86E-05,34.53953783,-2.77E-06,14.53669275,16.12772714,14.92993029,15.63211821,24.12491783,24.57098975,16.71720291,15.94006521
272,2022-01-12 8:00:00,-0.0004138737471,0.6945218121,0.07233605117,2.99E-05,35.62898309,-2.52E-06,14.40873582,16.23803661,15.05426966,15.80793411,24.19468075,24.60590483,16.63957533,15.94008995
273,2022-01-12 9:00:00,-0.0005348947233,0.6956119684,0.07244451498,0.0001836222682,37.61409954,-1.82E-06,14.50402854,16.34802349,15.1785366,15.98313145,24.26481285,24.64087146,16.56562072,15.94012902
274,2022-01-12 10:00:00,-0.001636643246,0.6965964188,0.07258108041,9.22E-05,39.60536643,3.84E-06,14.65040049,16.45799246,15.30268857,16.15736685,24.33460366,24.67605938,16.60067961,15.94007389
275,2022-01-12 11:00:00,0.001628675801,0.6975049332,0.07271665222,0.000209570632,41.59108574,1.19E-06,14.79684383,16.56836285,15.42693576,16.33417131,24.40465982,24.71062736,16.6856902,15.93987317
276,2022-01-12 12:00:00,0.00118631774,0.698394085,0.07284546117,9.66E-05,43.57988741,-3.97E-07,14.94292815,16.72369795,15.55169503,16.50651797,24.47446258,24.7457756,16.77044969,15.95066567
277,2022-01-12 13:00:00,0.0007230815017,0.6992971358,0.0729683524,0.0002812926831,45.57183194,-1.83E-07,15.08893332,16.91846446,15.70951417,16.68224834,24.56947144,24.78086984,16.85582428,16.04498323
278,2022-01-12 14:00:00,0.0009988069016,0.7002202847,0.07311332936,-2.49E-05,42.83227134,-2.00E-06,15.23520011,17.11371606,15.88930183,16.83178132,24.70625336,24.84331624,16.94090093,16.15790549
279,2022-01-12 15:00:00,0.001074647446,0.701161641,0.07319709343,2.48E-05,32.97602086,3.76E-07,15.38138663,17.30876078,16.06885558,16.94683857,24.84389003,24.93861629,17.02572163,16.2702421
280,2022-01-12 16:00:00,0.0004123692024,0.7020238779,0.07335662844,-5.45E-05,32.29979819,-1.79E-08,15.52481939,17.50362574,16.24853308,17.06261175,24.98122154,25.0332052,17.11088001,16.38269943
281,2022-01-12 17:00:00,0.0008572463458,0.7028767811,0.07346720196,-6.82E-05,36.23503747,-1.97E-06,15.64337235,17.6986189,16.42814271,17.17757824,25.11897619,25.1281841,17.19389288,16.49548108
282,2022-01-12 18:00:00,0.0006375096814,0.701934878,0.0735759019,-0.0001460874184,38.49418296,2.09E-06,15.75594125,17.8934011,16.60768805,17.29268251,25.25646692,25.22387318,17.21989319,16.60775214
283,2022-01-12 19:00:00,-0.002016879124,0.7001216809,0.07369753151,-0.0001378058223,40.75321507,1.90E-06,15.86808172,18.08856467,16.7871432,17.40863817,25.39369694,25.31846739,17.21993789,16.72055722
284,2022-01-12 20:00:00,-0.002520963795,0.6983077456,0.0738242457,0.0001416959347,43.01168009,1.47E-06,15.98059809,18.11581111,16.96373076,17.52103765,25.53137471,25.41334938,17.22004268,16.81559903
285,2022-01-12 21:00:00,0.0003839642112,0.6964936453,0.07391640973,-0.0001205989116,45.27052324,6.27E-07,16.09283774,17.99617553,16.957582,17.63651878,25.58571117,25.50821522,17.21999028,16.77628613
286,2022-01-12 22:00:00,-0.001117300551,0.6946877791,0.07368239445,0.0002065364255,48.76901369,-6.61E-07,16.20580644,17.87588179,16.84657946,17.65485411,25.49786219,25.5373478,17.22016961,16.70827962
287,2022-01-12 23:00:00,0.001355599659,0.6928868317,0.07315941796,-7.59E-05,29.9956919,1.38E-06,16.31817763,17.75568522,16.7350733,17.55974209,25.40794464,25.48717631,17.21999548,16.640581
288,2022-01-13 0:00:00,0.0004549507136,0.6910847891,0.07264447029,-6.47E-05,30.48174501,5.69E-07,16.41714295,17.63517563,16.62386138,17.46089449,25.3179159,25.436741,17.21999821,16.57293082
289,2022-01-13 1:00:00,0.001909118907,0.6893757363,0.07215864291,-3.53E-05,31.00414005,-1.03E-06,16.39890924,17.51502015,16.51283205,17.36269265,25.22776919,25.38706018,17.21941652,16.5051873
290,2022-01-13 2:00:00,0.001318265294,0.6901359214,0.07164587758,-5.75E-05,31.53129122,5.57E-07,16.35359623,17.39483366,16.40116021,17.26692795,25.13768486,25.33688715,17.20382038,16.43749787
291,2022-01-13 3:00:00,0.002950989676,0.6919688741,0.071163186,5.45E-05,32.05653615,-1.94E-06,16.30870305,17.27526871,16.2902591,17.16991043,25.04761086,25.28720009,17.18126462,16.36949402
292,2022-01-13 4:00:00,0.00131442545,0.6937604478,0.07063782675,0.0001442359961,32.58125271,6.34E-08,16.26362446,17.30884983,16.18811014,17.0725574,24.9580514,25.23737995,17.15893429,16.31693225
293,2022-01-13 5:00:00,0.001140257462,0.6955989363,0.07105874229,0.01380693509,33.10612712,0.003751266984,16.21865413,17.47177131,16.30323628,16.97263472,24.93047895,25.1870513,17.13632773,16.36593782
294,2022-01-13 6:00:00,-0.001058188703,0.697370663,0.1055069265,0.1018107785,33.63182811,0.01326088992,16.17367045,17.63481878,16.51004559,17.0323992,25.00873662,25.18087185,17.11381441,16.43329545
295,2022-01-13 7:00:00,0.000386542107,0.6991767172,0.1571769566,0.2004064816,34.77792804,0.02283000108,16.12871288,17.79745922,16.71700122,17.28518026,25.08845099,25.22572123,17.09117905,16.50107446
296,2022-01-13 8:00:00,0.001353904425,0.7010076225,0.208836553,0.2987056352,36.57484412,0.03240475763,16.10671434,17.96093483,16.92355606,17.53190556,25.16857183,25.27049909,17.06901048,16.56864752
297,2022-01-13 9:00:00,-0.002432514755,0.7234777131,0.2605427804,0.3971971096,38.36789435,0.04537879549,16.27776949,18.12391176,17.13021008,17.78566534,25.24852433,25.31540082,17.04992048,16.63629775
298,2022-01-13 10:00:00,-0.001028721071,1.128960311,0.6918131875,0.5196950203,40.16711476,0.6211798408,16.49292444,18.28703048,17.33727658,18.03364753,25.32855965,25.36066211,17.13370882,16.70359945
299,2022-01-13 11:00:00,0.00164558436,1.070705844,0.7063199217,0.6164345437,41.96137267,0.5907993134,16.70834485,18.44943587,17.54406703,18.28464633,25.40876021,25.40590066,17.26338101,16.77164893
300,2022-01-13 12:00:00,-0.0005543726794,1.062458021,0.6978061983,0.6194466536,43.75977954,0.5930267169,16.92376416,18.48459774,17.73085883,18.53505804,25.48862756,25.45060601,17.39395286,16.82814999
301,2022-01-13 13:00:00,0.001599244363,1.054214604,0.6893023082,0.6200884748,41.89683652,0.5952511366,17.13858508,18.42201892,17.62073601,18.7861952,25.51794222,25.49555314,17.52410316,16.81775604
302,2022-01-13 14:00:00,0.002756286372,1.045965961,0.6807727134,0.6208453378,37.88275234,0.5974751701,17.35385594,18.35922821,17.41195232,18.78770303,25.46184844,25.50497695,17.65417609,16.79511022
303,2022-01-13 15:00:00,0.0007236719718,1.037711247,0.6723011604,0.6217170657,41.77924081,0.5996979747,17.56932293,18.29682864,17.20318192,18.50840852,25.4041495,25.47234399,17.78414304,16.77307818
304,2022-01-13 16:00:00,0.0028755607,1.02944679,0.6638020114,0.6225628723,45.88191734,0.601927124,17.74954155,18.23420788,16.99419518,18.22369053,25.34685116,25.44012985,17.91401879,16.75027515
305,2022-01-13 17:00:00,0.001300948385,1.021206908,0.6552992541,0.6233180727,42.52506812,0.6041511778,17.6435603,18.17172636,16.78545838,17.94010057,25.28927459,25.40754524,18.03578767,16.72767315
306,2022-01-13 18:00:00,-0.001493819129,1.012089461,0.6390694561,0.6241961054,40.01684818,0.604584915,17.47497134,18.10967826,16.5769453,17.65754908,25.23185625,25.37507152,17.93439945,16.70513857
307,2022-01-13 19:00:00,-0.000588847431,0.9856140359,0.6044759789,0.573196679,38.59211755,0.5992300016,17.3062182,18.04625256,16.36802304,17.37658285,25.17454137,25.34266377,17.73392955,16.68265466
308,2022-01-13 20:00:00,-0.0001203423681,0.952374552,0.5691370274,0.431777024,40.33883369,0.5934408272,17.13756085,17.87010018,16.15856764,17.09352282,25.11682324,25.30980209,17.53344507,16.64122219
309,2022-01-13 21:00:00,0.001261956597,0.9191140763,0.5337434003,0.2887727717,42.08875136,0.5876483544,16.96822887,17.60681583,15.9392227,16.80759112,25.01307304,25.2774197,17.33346056,16.47681599
310,2022-01-13 22:00:00,0.0002818106818,0.7069451777,0.3285286526,0.256150529,43.84567692,0.1852762401,16.79967327,17.3437439,15.71659176,16.57755189,24.8319734,25.19197425,17.13303614,16.29153832
311,2022-01-13 23:00:00,-0.0009850914312,0.8525890335,0.4453318704,0.4844290495,45.59473935,0.349774375,16.63102609,17.081006,15.49383636,16.40063109,24.64929366,25.04440996,16.93286175,16.10602864
312,2022-01-14 0:00:00,0.002400175602,1.040135759,0.6947119323,0.5380500152,40.38926504,0.6236652582,16.45921307,16.81760816,15.27175308,16.22737484,24.46667502,24.89691026,16.7325264,15.92092031
313,2022-01-14 1:00:00,0.001622315825,1.084513133,0.7652525682,0.5540482288,38.88975219,0.7049003731,16.26138698,16.55442872,15.04878762,16.05372378,24.28391411,24.74942127,16.55252471,15.73578528
314,2022-01-14 2:00:00,-0.0003738356739,0.9733227416,0.6095964807,0.5747565191,37.91791162,0.6060821182,16.05833909,16.29162341,14.82638954,15.87728219,24.10145364,24.60189323,16.85755181,15.55040899
315,2022-01-14 3:00:00,-0.0003946514839,0.9286733482,0.5239176026,0.5950984879,36.94262115,0.5999574338,15.85525694,16.03259209,14.60390576,15.70471948,23.9190452,24.45434959,17.36803384,15.36509972
316,2022-01-14 4:00:00,8.72E-05,0.9260384155,0.5436419755,0.6529934134,35.96702644,0.5356936219,15.65209538,16.40318513,14.39864478,15.52917,23.73674765,24.30678736,17.87861602,15.41400542
317,2022-01-14 5:00:00,-0.001853914796,0.9854002481,0.7279170846,0.717816228,34.99360764,0.6148225983,15.44866859,17.22652261,14.44805101,15.35228034,24.11505804,24.15925131,18.38895096,16.39514653
318,2022-01-14 6:00:00,0.0001925347333,0.9068823214,0.4876776501,0.3386922667,34.70288393,0.5489818885,15.24571324,18.05029616,14.5806261,16.15052467,25.42942133,25.17420341,18.89951974,17.4724129
319,2022-01-14 7:00:00,290.8030985,2.094874661,1.63734435,5.142417215,46.96622627,0.497381726,15.94962953,45.54899695,29.24572231,52.65876231,32.00197727,30.24020891,19.54460645,18.64229624
320,2022-01-14 8:00:00,610.0609951,3.223730669,2.73574873,10.60248956,51.51054841,0.2746551419,26.97847337,98.79115029,67.32487044,109.1938166,47.81408836,45.63074661,23.24570032,21.61667697
321,2022-01-14 9:00:00,609.9998677,3.180076367,2.62938207,10.59426869,52.22622948,0.2462904735,32.17914671,105.9467927,69.79864715,112.9964732,51.5693314,46.68968485,28.21563815,25.28615281
322,2022-01-14 10:00:00,609.7849318,3.164569999,2.638271739,11.30014757,52.20429712,0.2410094086,33.86797436,108.9697665,71.25688793,115.550527,51.86419031,47.45979339,32.7532689,28.95570467
323,2022-01-14 11:00:00,610.0015051,3.127497608,2.682471746,11.67994076,53.51600014,0.2594879661,34.66489749,109.0573737,72.71533446,115.4800942,52.15921918,48.23015454,34.62445572,31.64558825
324,2022-01-14 12:00:00,604.8518543,3.015037872,2.597832918,11.11642956,53.11812989,0.252998209,35.46133134,109.1449216,74.17302982,115.4633214,52.4545892,49.0003492,36.03853382,32.35968515
325,2022-01-14 13:00:00,600.6241797,2.977079338,2.600894235,11.05959533,56.18399724,0.2408910179,36.25819726,109.2325377,75.63633957,116.3755052,52.74953159,49.77038322,37.45247646,33.01786093
326,2022-01-14 14:00:00,602.1832594,3.0111538,2.624695786,11.1815515,59.24152676,0.2394971785,36.79309562,109.3198228,77.22976493,117.4648077,53.04462232,50.54052965,38.86656416,33.67564965
327,2022-01-14 15:00:00,599.9998042,2.919184957,2.628902757,10.59897392,61.28446366,0.2393690431,37.00467559,109.4075214,77.99256501,118.3261366,53.33964931,51.31051858,40.28080281,34.33400076
328,2022-01-14 16:00:00,600.0004695,2.867512351,2.618251866,10.60222689,53.31902239,0.2335066118,37.21567549,109.4946069,76.39041311,118.4408474,53.63150706,51.79283605,41.69464116,34.9919831
329,2022-01-14 17:00:00,599.9994355,2.822364959,2.607649537,10.60561494,49.04092141,0.2276470078,37.42659539,109.5817541,75.67435162,118.491085,53.7349689,51.7998919,43.10878642,35.65006925
330,2022-01-14 18:00:00,599.9991902,2.788767871,2.597066523,10.60885482,46.11457085,0.2214579717,37.56504687,109.523153,75.83052307,118.5447367,53.72744498,51.79985903,44.31523462,36.3078685
331,2022-01-14 19:00:00,600.0008094,2.781521174,2.586417162,10.61226787,43.69944528,0.2145248794,37.43474645,109.3531401,75.98715224,118.5966562,53.72029675,51.80002798,44.35159951,36.74854976
332,2022-01-14 20:00:00,599.9971345,2.775322507,2.575787905,10.61571814,42.2125846,0.207565976,37.27964178,109.1828303,76.14366925,118.6464412,53.7128251,51.80010226,44.20548602,36.76004532
333,2022-01-14 21:00:00,599.9993825,2.769105205,2.565151575,10.61898932,49.32754064,0.2006070056,37.12486893,109.0127117,76.30020037,118.7014984,53.70508368,51.79987458,44.05936998,36.76019458
334,2022-01-14 22:00:00,599.9966536,2.764516135,2.553446657,10.6224001,50.19093191,0.1949251688,36.9696515,108.8426474,76.50549597,118.7527224,53.6977223,51.79997834,43.91338525,36.75998865
335,2022-01-14 23:00:00,594.8802228,2.724583829,2.533833093,10.64922188,48.93482163,0.196369192,36.8143482,108.6724771,76.24925058,118.8759088,53.69010279,51.79995459,43.7674908,36.76002601
336,2022-01-15 0:00:00,585.1537562,2.766049848,2.553060971,10.6974242,48.13385541,0.1969926538,36.65918456,108.5025121,73.70396618,119.225188,53.68231186,51.77588868,43.62137072,36.7599899